anio,region_name,lall_desc_full,exportaciones,prop_exportaciones
1962,Asia,Manufacturas basadas en recursos naturales,4610218336,0.14342734065003182
1962,Asia,Manufacturas de alta tecnología,528504893,0.05704252038791515
1962,Asia,Manufacturas de baja tecnología,3683863641,0.19372458736743903
1962,Asia,Manufacturas de media tecnología,1542067750,0.05146533280247121
1962,Asia,Total manufacturas,10364654620,0.11466904726461599
1963,Asia,Manufacturas basadas en recursos naturales,5450780796,0.14668394092822765
1963,Asia,Manufacturas de alta tecnología,620866157,0.059763553030815694
1963,Asia,Manufacturas de baja tecnología,4139752419,0.19448227733584186
1963,Asia,Manufacturas de media tecnología,1885820478,0.056254778183420846
1963,Asia,Total manufacturas,12097219850,0.11818583710109305
1964,Asia,Manufacturas basadas en recursos naturales,6279086756,0.1523640593327391
1964,Asia,Manufacturas de alta tecnología,707707006,0.062028976711673255
1964,Asia,Manufacturas de baja tecnología,4763450098,0.19352923176346357
1964,Asia,Manufacturas de media tecnología,2446776072,0.06428807811351764
1964,Asia,Total manufacturas,14197019932,0.1231380466830727
1965,Asia,Manufacturas basadas en recursos naturales,6782401979,0.15164306053741927
1965,Asia,Manufacturas de alta tecnología,939092568,0.07783618144394268
1965,Asia,Manufacturas de baja tecnología,5600699954,0.20639949497472285
1965,Asia,Manufacturas de media tecnología,3183314302,0.07329899921338578
1965,Asia,Total manufacturas,16505508803,0.12960186515599945
1966,Asia,Manufacturas basadas en recursos naturales,7525357542,0.15440585758244318
1966,Asia,Manufacturas de alta tecnología,1293265809,0.09360085853993302
1966,Asia,Manufacturas de baja tecnología,6218550826,0.21107935902736355
1966,Asia,Manufacturas de media tecnología,3869221898,0.07781488153356977
1966,Asia,Total manufacturas,18906396075,0.13338930395849513
1967,Asia,Manufacturas basadas en recursos naturales,7983941603,0.15686657444545335
1967,Asia,Manufacturas de alta tecnología,1495262413,0.09471002677435011
1967,Asia,Manufacturas de baja tecnología,6413709049,0.2057542457165492
1967,Asia,Manufacturas de media tecnología,4501927740,0.08392784245413036
1967,Asia,Total manufacturas,20394840805,0.13462267004332848
1968,Asia,Manufacturas basadas en recursos naturales,9390414274,0.16423421873842217
1968,Asia,Manufacturas de alta tecnología,1961639510,0.10515229970772091
1968,Asia,Manufacturas de baja tecnología,7634948679,0.21624063657220394
1968,Asia,Manufacturas de media tecnología,5610629431,0.09130620452032309
1968,Asia,Total manufacturas,24597631894,0.14252198060961757
1969,Asia,Manufacturas basadas en recursos naturales,10275710644,0.16316989188656986
1969,Asia,Manufacturas de alta tecnología,2572611585,0.11811083269484009
1969,Asia,Manufacturas de baja tecnología,9049774440,0.21628902973533037
1969,Asia,Manufacturas de media tecnología,6973360363,0.09708445281927502
1969,Asia,Total manufacturas,28871457032,0.14550256588783272
1970,Asia,Manufacturas basadas en recursos naturales,11478297790,0.15909286412916576
1970,Asia,Manufacturas de alta tecnología,3152249438,0.12102346046712746
1970,Asia,Manufacturas de baja tecnología,10399375767,0.21486233971007496
1970,Asia,Manufacturas de media tecnología,8815394242,0.10603571998958979
1970,Asia,Total manufacturas,33845317237,0.1473256856286365
1971,Asia,Manufacturas basadas en recursos naturales,14199659839,0.18135967519017646
1971,Asia,Manufacturas de alta tecnología,3743805907,0.1271073594121028
1971,Asia,Manufacturas de baja tecnología,12156763492,0.22251764598630527
1971,Asia,Manufacturas de media tecnología,11532622671,0.1215965757815501
1971,Asia,Total manufacturas,41632851909,0.1618534632465265
1972,Asia,Manufacturas basadas en recursos naturales,17533615897,0.18869224852740402
1972,Asia,Manufacturas de alta tecnología,4926216724,0.14131692711346627
1972,Asia,Manufacturas de baja tecnología,14258143633,0.21524744323124317
1972,Asia,Manufacturas de media tecnología,14834567206,0.1295829173434872
1972,Asia,Total manufacturas,51552543460,0.16710647773279197
1973,Asia,Manufacturas basadas en recursos naturales,26686791052,0.19745867897089767
1973,Asia,Manufacturas de alta tecnología,6932140758,0.1484560045741397
1973,Asia,Manufacturas de baja tecnología,19313578705,0.21324555014125476
1973,Asia,Manufacturas de media tecnología,20595656727,0.13495035214456522
1973,Asia,Total manufacturas,73528167242,0.17299426382863362
1974,Asia,Manufacturas basadas en recursos naturales,71219410396,0.29429142443513895
1974,Asia,Manufacturas de alta tecnología,8562536352,0.14436414239362474
1974,Asia,Manufacturas de baja tecnología,26168109375,0.21738130225248234
1974,Asia,Manufacturas de media tecnología,31806420399,0.15573227609415674
1974,Asia,Total manufacturas,137756476522,0.22008226669709388
1975,Asia,Manufacturas basadas en recursos naturales,68845307966,0.2972963907261929
1975,Asia,Manufacturas de alta tecnología,9053469694,0.13764682516026447
1975,Asia,Manufacturas de baja tecnología,24462093160,0.20759579706488462
1975,Asia,Manufacturas de media tecnología,35488580342,0.1485299233189518
1975,Asia,Total manufacturas,137849451162,0.21074292959719057
1976,Asia,Manufacturas basadas en recursos naturales,52301639610,0.24419582873697912
1976,Asia,Manufacturas de alta tecnología,12113092065,0.16730209604443547
1976,Asia,Manufacturas de baja tecnología,29085090311,0.23255528035026654
1976,Asia,Manufacturas de media tecnología,41276797329,0.1648650904681362
1976,Asia,Total manufacturas,134776619315,0.2035850953208657
1977,Asia,Manufacturas basadas en recursos naturales,73803951814,0.2817272892241829
1977,Asia,Manufacturas de alta tecnología,14219821467,0.17122984372502306
1977,Asia,Manufacturas de baja tecnología,34302207479,0.23180149682451415
1977,Asia,Manufacturas de media tecnología,51509560773,0.17757126567583556
1977,Asia,Total manufacturas,173835541533,0.2219912312817505
1978,Asia,Manufacturas basadas en recursos naturales,34979914263,0.14437726912517473
1978,Asia,Manufacturas de alta tecnología,19199691514,0.17668963651607475
1978,Asia,Manufacturas de baja tecnología,41779280634,0.22934698079500987
1978,Asia,Manufacturas de media tecnología,64753013536,0.18585013880815796
1978,Asia,Total manufacturas,160711899947,0.18231098619541425
1979,Asia,Manufacturas basadas en recursos naturales,48263671518,0.14782771411173257
1979,Asia,Manufacturas de alta tecnología,22116012175,0.16706467158729563
1979,Asia,Manufacturas de baja tecnología,50172770658,0.22354706689732787
1979,Asia,Manufacturas de media tecnología,69397308711,0.16996413476698546
1979,Asia,Total manufacturas,189949763062,0.17400867142606782
1980,Asia,Manufacturas basadas en recursos naturales,61869140735,0.1509020554198946
1980,Asia,Manufacturas de alta tecnología,27863067199,0.1656635885214179
1980,Asia,Manufacturas de baja tecnología,60021170312,0.2338526221469299
1980,Asia,Manufacturas de media tecnología,90244947525,0.19184021161275258
1980,Asia,Total manufacturas,239998325771,0.18386933476428488
1981,Asia,Manufacturas basadas en recursos naturales,60169931820,0.16366809761129808
1981,Asia,Manufacturas de alta tecnología,33593016420,0.19845814020205518
1981,Asia,Manufacturas de baja tecnología,66401320161,0.26848312187790835
1981,Asia,Manufacturas de media tecnología,110117069894,0.23222863722175185
1981,Asia,Total manufacturas,270281338295,0.21478184029424396
1982,Asia,Manufacturas basadas en recursos naturales,57190616482,0.1695930961838663
1982,Asia,Manufacturas de alta tecnología,32664893064,0.1911868107034107
1982,Asia,Manufacturas de baja tecnología,64627526012,0.27485152878314906
1982,Asia,Manufacturas de media tecnología,101325761688,0.22244306343073394
1982,Asia,Total manufacturas,255808797246,0.2134006991422644
1983,Asia,Manufacturas basadas en recursos naturales,56569842267,0.16631698023051986
1983,Asia,Manufacturas de alta tecnología,40607490082,0.22709479692850576
1983,Asia,Manufacturas de baja tecnología,66950678612,0.2860943349658199
1983,Asia,Manufacturas de media tecnología,102366585534,0.23071193691071135
1983,Asia,Total manufacturas,266494596495,0.22269859513104523
1984,Asia,Manufacturas basadas en recursos naturales,59283597640,0.1663289968172422
1984,Asia,Manufacturas de alta tecnología,54490120630,0.266426506986204
1984,Asia,Manufacturas de baja tecnología,75523904417,0.2984579818345452
1984,Asia,Manufacturas de media tecnología,118309612130,0.24696650786855137
1984,Asia,Total manufacturas,307607234817,0.23789384329909746
1985,Asia,Manufacturas basadas en recursos naturales,60418946467,0.17144167426726145
1985,Asia,Manufacturas de alta tecnología,55462548653,0.252141908730244
1985,Asia,Manufacturas de baja tecnología,77032118836,0.2922814975598668
1985,Asia,Manufacturas de media tecnología,126415899975,0.24669101819139808
1985,Asia,Total manufacturas,319329513931,0.23682397645396192
1986,Asia,Manufacturas basadas en recursos naturales,53194518588,0.14881005526731042
1986,Asia,Manufacturas de alta tecnología,69933606850,0.26311061822475906
1986,Asia,Manufacturas de baja tecnología,92683274373,0.2849719061638335
1986,Asia,Manufacturas de media tecnología,147463798995,0.23753778695065225
1986,Asia,Total manufacturas,363275198806,0.23148879006514267
1987,Asia,Manufacturas basadas en recursos naturales,66313476096,0.15566764043233836
1987,Asia,Manufacturas de alta tecnología,87664509436,0.27014444994526987
1987,Asia,Manufacturas de baja tecnología,116874401199,0.29385908643177444
1987,Asia,Manufacturas de media tecnología,167185730969,0.2281103763172596
1987,Asia,Total manufacturas,438038117700,0.23285751676291946
1988,Asia,Manufacturas basadas en recursos naturales,83062162888,0.1651541246939112
1988,Asia,Manufacturas de alta tecnología,116418039870,0.29375548501303805
1988,Asia,Manufacturas de baja tecnología,135787357225,0.29990586794141305
1988,Asia,Manufacturas de media tecnología,198205416369,0.23353599753200185
1988,Asia,Total manufacturas,533472976352,0.24240752310762423
1989,Asia,Manufacturas basadas en recursos naturales,95454589786,0.17279098822566147
1989,Asia,Manufacturas de alta tecnología,127615407873,0.2941565789788647
1989,Asia,Manufacturas de baja tecnología,153175867654,0.3067503382122672
1989,Asia,Manufacturas de media tecnología,206245808205,0.22699407380422118
1989,Asia,Total manufacturas,582491673518,0.24329192119500184
1990,Asia,Manufacturas basadas en recursos naturales,100515444334,0.16362652507778563
1990,Asia,Manufacturas de alta tecnología,140137683824,0.27990970541040483
1990,Asia,Manufacturas de baja tecnología,171638514358,0.2951748024608137
1990,Asia,Manufacturas de media tecnología,221516393624,0.21174581279208674
1990,Asia,Total manufacturas,633808036140,0.23109961441787055
1991,Asia,Manufacturas basadas en recursos naturales,102114480748,0.1689971556223245
1991,Asia,Manufacturas de alta tecnología,159388959709,0.28842992743975365
1991,Asia,Manufacturas de baja tecnología,196744428074,0.32296943923309
1991,Asia,Manufacturas de media tecnología,246664179161,0.23020219540657005
1991,Asia,Total manufacturas,704912047692,0.24842441237546978
1992,Asia,Manufacturas basadas en recursos naturales,109227040073,0.17373101537578248
1992,Asia,Manufacturas de alta tecnología,183950101451,0.3034544176211745
1992,Asia,Manufacturas de baja tecnología,228789720533,0.33899159233187626
1992,Asia,Manufacturas de media tecnología,271958247954,0.23263973745443697
1992,Asia,Total manufacturas,793925110011,0.2578663992149301
1993,Asia,Manufacturas basadas en recursos naturales,118971358565,0.19297367950103173
1993,Asia,Manufacturas de alta tecnología,210097204660,0.3336771170008242
1993,Asia,Manufacturas de baja tecnología,242092562854,0.3652100232424673
1993,Asia,Manufacturas de media tecnología,291641001972,0.2564414024157899
1993,Asia,Total manufacturas,862802128051,0.28322898952493675
1994,Asia,Manufacturas basadas en recursos naturales,137723906118,0.19530941036499846
1994,Asia,Manufacturas de alta tecnología,265557029069,0.3519293280217976
1994,Asia,Manufacturas de baja tecnología,266146475314,0.3611647570507085
1994,Asia,Manufacturas de media tecnología,326235454151,0.2503788880832664
1994,Asia,Total manufacturas,995662864652,0.28450671967442337
1995,Asia,Manufacturas basadas en recursos naturales,176368999154,0.1909607635761844
1995,Asia,Manufacturas de alta tecnología,338688346428,0.3599728471255434
1995,Asia,Manufacturas de baja tecnología,298620646863,0.3483236383921528
1995,Asia,Manufacturas de media tecnología,374441086080,0.2381912398976591
1995,Asia,Total manufacturas,1188119078525,0.2767066174072569
1996,Asia,Manufacturas basadas en recursos naturales,181698251095,0.19460061986305263
1996,Asia,Manufacturas de alta tecnología,344653444971,0.34413280440912536
1996,Asia,Manufacturas de baja tecnología,303536682049,0.34382327912066574
1996,Asia,Manufacturas de media tecnología,372751884157,0.22638167908092544
1996,Asia,Total manufacturas,1202640262272,0.2693723009158787
1997,Asia,Manufacturas basadas en recursos naturales,183650849701,0.19505284755653582
1997,Asia,Manufacturas de alta tecnología,360996353341,0.33445510607782125
1997,Asia,Manufacturas de baja tecnología,314020832101,0.34280671938091317
1997,Asia,Manufacturas de media tecnología,379687952389,0.22397332498138942
1997,Asia,Total manufacturas,1238355987532,0.26733837659762855
1998,Asia,Manufacturas basadas en recursos naturales,166771822707,0.1887107352516035
1998,Asia,Manufacturas de alta tecnología,349389018396,0.3118711577200962
1998,Asia,Manufacturas de baja tecnología,305833966977,0.33502563982622346
1998,Asia,Manufacturas de media tecnología,366097542771,0.2107783393638609
1998,Asia,Total manufacturas,1188092350851,0.25529544166264695
1999,Asia,Manufacturas basadas en recursos naturales,183145847751,0.20228963666298666
1999,Asia,Manufacturas de alta tecnología,405469376989,0.3279516486652198
1999,Asia,Manufacturas de baja tecnología,321203178353,0.3499968084325873
1999,Asia,Manufacturas de media tecnología,387700337805,0.21941553053056934
1999,Asia,Total manufacturas,1297518740898,0.26883589657437384
2000,Asia,Manufacturas basadas en recursos naturales,213738742333,0.21379527434390677
2000,Asia,Manufacturas de alta tecnología,493345750546,0.351823470527209
2000,Asia,Manufacturas de baja tecnología,349760826924,0.367883761359567
2000,Asia,Manufacturas de media tecnología,434854584846,0.23683282414104853
2000,Asia,Total manufacturas,1491699904649,0.2874817259155873
2001,Asia,Manufacturas basadas en recursos naturales,207221964513,0.2150699374594554
2001,Asia,Manufacturas de alta tecnología,422275691220,0.32646594778728993
2001,Asia,Manufacturas de baja tecnología,340183103234,0.36236549033779636
2001,Asia,Manufacturas de media tecnología,404375440517,0.22298503933604788
2001,Asia,Total manufacturas,1374056199484,0.27430465046056496
2002,Asia,Manufacturas basadas en recursos naturales,223177079426,0.2217844379587556
2002,Asia,Manufacturas de alta tecnología,468294714756,0.34573752834365246
2002,Asia,Manufacturas de baja tecnología,368938979626,0.3708160597679563
2002,Asia,Manufacturas de media tecnología,457058614344,0.2352282898420985
2002,Asia,Total manufacturas,1517469388152,0.28638304238249385
2003,Asia,Manufacturas basadas en recursos naturales,287607031989.88983,0.24157057174216645
2003,Asia,Manufacturas de alta tecnología,575751286481.5142,0.39131592426614925
2003,Asia,Manufacturas de baja tecnología,436472344816.7207,0.3916898605021098
2003,Asia,Manufacturas de media tecnología,556638256799.5391,0.24709784994061126
2003,Asia,Total manufacturas,1856468920087.664,0.30792688912971405
2004,Asia,Manufacturas basadas en recursos naturales,379526152920.82404,0.2529842341657597
2004,Asia,Manufacturas de alta tecnología,717984201373.3976,0.40878731904729293
2004,Asia,Manufacturas de baja tecnología,522705104402.45056,0.398521283287972
2004,Asia,Manufacturas de media tecnología,709985276432.023,0.26012206365587964
2004,Asia,Total manufacturas,2330200735128.696,0.3193098813091931
2005,Asia,Manufacturas basadas en recursos naturales,474723482274.99854,0.26583842721966533
2005,Asia,Manufacturas de alta tecnología,800968050209.9349,0.4159032080480225
2005,Asia,Manufacturas de baja tecnología,590628526220.3236,0.41157230399734446
2005,Asia,Manufacturas de media tecnología,814412448913.0524,0.26879034271213925
2005,Asia,Total manufacturas,2680732507618.3096,0.32785487645350747
2006,Asia,Manufacturas basadas en recursos naturales,566806140854.943,0.26667373386445736
2006,Asia,Manufacturas de alta tecnología,924218786984.1113,0.4175324198250964
2006,Asia,Manufacturas de baja tecnología,677729903493.2925,0.42374066111385994
2006,Asia,Manufacturas de media tecnología,930922618000.7288,0.27373817943999773
2006,Asia,Total manufacturas,3099677449333.075,0.33190082075499794
2007,Asia,Manufacturas basadas en recursos naturales,685674527174.3629,0.2795176552036333
2007,Asia,Manufacturas de alta tecnología,1027084426577.034,0.4315073002322872
2007,Asia,Manufacturas de baja tecnología,800539702869.1537,0.43171106561635797
2007,Asia,Manufacturas de media tecnología,1159134189218.3306,0.2857584037878063
2007,Asia,Total manufacturas,3672432845838.8823,0.3418132975693315
2008,Asia,Manufacturas basadas en recursos naturales,869483280606.3105,0.2943995000299154
2008,Asia,Manufacturas de alta tecnología,1082981974056.7573,0.42511768424594437
2008,Asia,Manufacturas de baja tecnología,893775442340.1318,0.43744500110665707
2008,Asia,Manufacturas de media tecnología,1335235437385.103,0.29587218268993404
2008,Asia,Total manufacturas,4181476134388.3047,0.3468103888475677
2009,Asia,Manufacturas basadas en recursos naturales,650969472573.2874,0.2938633014628204
2009,Asia,Manufacturas de alta tecnología,952897238202.0912,0.4238764130816898
2009,Asia,Manufacturas de baja tecnología,754037909108.7645,0.4615533917856174
2009,Asia,Manufacturas de media tecnología,1056324938122.0297,0.3090142038975201
2009,Asia,Total manufacturas,3414229558006.1724,0.35881348266033
2010,Asia,Manufacturas basadas en recursos naturales,894748313856.474,0.3192451190694784
2010,Asia,Manufacturas de alta tecnología,1177042361895.9717,0.45946027922715516
2010,Asia,Manufacturas de baja tecnología,905368337967.9485,0.4820898999935158
2010,Asia,Manufacturas de media tecnología,1368937895981.8198,0.3339582392487959
2010,Asia,Total manufacturas,4346096909702.2153,0.3831986212604223
2011,Asia,Manufacturas basadas en recursos naturales,1145826691142.175,0.3238801523196552
2011,Asia,Manufacturas de alta tecnología,1268128986675.6873,0.45627154577016515
2011,Asia,Manufacturas de baja tecnología,1033303168151.4553,0.48026380098684235
2011,Asia,Manufacturas de media tecnología,1592015815362.6309,0.333827975428464
2011,Asia,Total manufacturas,5039274661331.951,0.38067762466841815
2012,Asia,Manufacturas basadas en recursos naturales,1146582758186.264,0.3277195523630405
2012,Asia,Manufacturas de alta tecnología,1447625125776.643,0.48855464305149254
2012,Asia,Manufacturas de baja tecnología,1038821727537.1437,0.4945529073963562
2012,Asia,Manufacturas de media tecnología,1589256345727.1914,0.33733260689713296
2012,Asia,Total manufacturas,5222285957227.241,0.3934364277840754
2013,Asia,Manufacturas basadas en recursos naturales,1168385596434.6052,0.3300597567489101
2013,Asia,Manufacturas de alta tecnología,1422123843879.9802,0.48550672502480724
2013,Asia,Manufacturas de baja tecnología,1060564663130.0848,0.4914038961087957
2013,Asia,Manufacturas de media tecnología,1567892369581.7441,0.32165611861817034
2013,Asia,Total manufacturas,5218966473026.415,0.3865401187558038
2014,Asia,Manufacturas basadas en recursos naturales,1189721378005.621,0.3355493288483361
2014,Asia,Manufacturas de alta tecnología,1448571796115.5818,0.4800679310870724
2014,Asia,Manufacturas de baja tecnología,1124474394858.3464,0.49671546548977535
2014,Asia,Manufacturas de media tecnología,1611637384823.1257,0.3253402531282549
2014,Asia,Total manufacturas,5374404953802.672,0.3899995335843461
2015,Asia,Manufacturas basadas en recursos naturales,976482477325.1576,0.3426621104792295
2015,Asia,Manufacturas de alta tecnología,1443341561745.5566,0.4928547705416042
2015,Asia,Manufacturas de baja tecnología,1091169394277.045,0.5163082964122716
2015,Asia,Manufacturas de media tecnología,1541422774971.3784,0.333183449681258
2015,Asia,Total manufacturas,5052416208319.131,0.40361263166281736
2016,Asia,Manufacturas basadas en recursos naturales,888026614115.8628,0.33230964739573665
2016,Asia,Manufacturas de alta tecnología,1436499434644.9788,0.4896938857957199
2016,Asia,Manufacturas de baja tecnología,1050959473804.5135,0.50858900471353
2016,Asia,Manufacturas de media tecnología,1509768115080.7598,0.3331812524006108
2016,Asia,Total manufacturas,4885253637646.12,0.4003143257514079
2017,Asia,Manufacturas basadas en recursos naturales,1035676768871.184,0.33642579390376187
2017,Asia,Manufacturas de alta tecnología,1684398854121.9038,0.5096794838727995
2017,Asia,Manufacturas de baja tecnología,1132153177098.5159,0.5090640186010655
2017,Asia,Manufacturas de media tecnología,1654997778552.038,0.33589972234058707
2017,Asia,Total manufacturas,5507226578643.646,0.4069076918459834
2018,Asia,Manufacturas basadas en recursos naturales,1195514338759.3982,0.34421630942258075
2018,Asia,Manufacturas de alta tecnología,1810658086977.1726,0.5133894713296733
2018,Asia,Manufacturas de baja tecnología,1217862401070.5188,0.5089978099237885
2018,Asia,Manufacturas de media tecnología,1783191989228.046,0.3392177216242923
2018,Asia,Total manufacturas,6007226816035.138,0.41006463627274276
2019,Asia,Manufacturas basadas en recursos naturales,1134517590192.2725,0.3451085902532358
2019,Asia,Manufacturas de alta tecnología,1768211427124.6758,0.5058204804404673
2019,Asia,Manufacturas de baja tecnología,1211897903509.949,0.5154381230692493
2019,Asia,Manufacturas de media tecnología,1757520940356.8184,0.34024093125106075
2019,Asia,Total manufacturas,5872147861183.718,0.4106434526154821
2020,Asia,Manufacturas basadas en recursos naturales,939377856388.7361,0.3275680509188195
2020,Asia,Manufacturas de alta tecnología,1824577678582.357,0.5206001988215403
2020,Asia,Manufacturas de baja tecnología,1151927514054.7427,0.5244602886945227
2020,Asia,Manufacturas de media tecnología,1632086550530.19,0.3487179338006846
2020,Asia,Total manufacturas,5547969599556.033,0.4187416954395652
2021,Asia,Manufacturas basadas en recursos naturales,1346387229564.5505,0.3439468003413302
2021,Asia,Manufacturas de alta tecnología,2190459435166.1587,0.5324074279104132
2021,Asia,Manufacturas de baja tecnología,1405656542255.731,0.5235692016920446
2021,Asia,Manufacturas de media tecnología,2040923736568.8442,0.36099305285905353
2021,Asia,Total manufacturas,6983426943555.282,0.4266728195357893
2022,Asia,Manufacturas basadas en recursos naturales,1723523695039.1372,0.3755512909043284
2022,Asia,Manufacturas de alta tecnología,2297452695642.162,0.5310182879821789
2022,Asia,Manufacturas de baja tecnología,1524711665857.7878,0.5362332472582143
2022,Asia,Manufacturas de media tecnología,2265615130377.251,0.3736725697664618
2022,Asia,Total manufacturas,7811303186916.337,0.4382882429782418
2023,Asia,Manufacturas basadas en recursos naturales,1529424296384.322,0.3647540928890049
2023,Asia,Manufacturas de alta tecnología,2168787535113.0947,0.5177673891492366
2023,Asia,Manufacturas de baja tecnología,1339615698934.633,0.5097997956445584
2023,Asia,Manufacturas de media tecnología,2179522119164.8887,0.3508295307402742
2023,Asia,Total manufacturas,7217349649596.933,0.41907807990840495
