geocodigoFundar,geonombreFundar,anio,gdp_indust_pc,gdp_indust_pc_vs_usa
CHN,China,1970,35.5426153088986,0.00946648714059293
CHN,China,1971,38.9326160170773,0.010363818914121869
CHN,China,1972,40.9404385524596,0.010276553326514719
CHN,China,1973,43.5893678317622,0.010107310313018045
CHN,China,1974,43.1582290620371,0.010513076918881844
CHN,China,1975,49.1996109348313,0.012862253862781855
CHN,China,1976,46.9439383336084,0.011502777342834962
CHN,China,1977,52.9540356630368,0.012563462205919829
CHN,China,1978,60.8252704170835,0.01398239236617858
CHN,China,1979,65.2116812707803,0.015015902468004189
CHN,China,1980,72.3794478772715,0.018063631394209596
CHN,China,1981,72.565844093995,0.017703402400620998
CHN,China,1982,75.5658335127663,0.01962337625137216
CHN,China,1983,81.6776915233472,0.020781989863983705
CHN,China,1984,92.4303053520378,0.02201378206953439
CHN,China,1985,107.454051781673,0.02517700003100077
CHN,China,1986,115.902186564905,0.027160979423251092
CHN,China,1987,128.853590966366,0.028337286952509873
CHN,China,1988,145.776276809106,0.030214043883863104
CHN,China,1989,150.598037126884,0.031745872954906516
CHN,China,1990,153.012406407623,0.03287615842476151
CHN,China,1991,172.325758599092,0.03874311543195353
CHN,China,1992,206.15526510626,0.04610515800832001
CHN,China,1993,244.668906727051,0.053489521506067894
CHN,China,1994,287.818510464116,0.059225020387289384
CHN,China,1995,325.087330008421,0.06343517491076589
CHN,China,1996,362.482433095117,0.069733762475992625
CHN,China,1997,400.203147706373,0.07395691924500457
CHN,China,1998,432.407025765503,0.07749787558882196
CHN,China,1999,465.96625665416,0.07984980243671902
CHN,China,2000,508.108195005621,0.08205751369195295
CHN,China,2001,548.451922157158,0.09317112124827488
CHN,China,2002,599.70764570237,0.10198237799522955
CHN,China,2003,672.182012808054,0.1093150779965352
CHN,China,2004,805.851842100075,0.12363005345811917
CHN,China,2005,877.165488882156,0.1319222947245739
CHN,China,2006,986.402803046915,0.14170485400594068
CHN,China,2007,1143.67427016018,0.16055140853908131
CHN,China,2008,1243.69968350035,0.18011767946710303
CHN,China,2009,1394.25796574326,0.22511841003552407
CHN,China,2010,1536.35440094839,0.237014606189722
CHN,China,2011,1692.34909283197,0.2622653899294904
CHN,China,2012,1842.58915138797,0.2900133594882084
CHN,China,2013,1983.91039450131,0.30552032801208334
CHN,China,2014,2151.57221247889,0.3288023411444608
CHN,China,2015,2293.84174003983,0.3493403574461328
CHN,China,2016,2424.52915094006,0.37342967242456115
CHN,China,2017,2549.38162908969,0.402516227217366
CHN,China,2018,2691.92234497407,0.40865828027841633
CHN,China,2019,2801.79155116521,0.4265330645847599
CHN,China,2020,2861.97423934216,0.45768188008605293
CHN,China,2021,3162.6124310805,0.47116148098260585
CHN,China,2022,3246.61652376332,0.4811099171166052
CHN,China,2023,3390.08134851745,0.5037051937195443
IDN,Indonesia,1970,32.7486454188713,0.00872233593491265
IDN,Indonesia,1971,35.9048871348966,0.009557840866250297
IDN,Indonesia,1972,40.2432434749703,0.010101548791973114
IDN,Indonesia,1973,45.1789455448623,0.0104758945805158
IDN,Indonesia,1974,51.1465230456001,0.012458975787417921
IDN,Indonesia,1975,56.0169933921276,0.014644522099853258
IDN,Indonesia,1976,59.9228911681689,0.014683038946327711
IDN,Indonesia,1977,66.5190988911557,0.015781803491026924
IDN,Indonesia,1978,75.8409300689173,0.017434162386258396
IDN,Indonesia,1979,83.5511261011793,0.01923881636202163
IDN,Indonesia,1980,99.7105908235132,0.024884624179350646
IDN,Indonesia,1981,107.285483163,0.026173719935227917
IDN,Indonesia,1982,106.121598134127,0.02755827537098589
IDN,Indonesia,1983,128.753015744634,0.032759788116654455
IDN,Indonesia,1984,153.695678593988,0.03660512816344017
IDN,Indonesia,1985,167.291541812647,0.03919721112016315
IDN,Indonesia,1986,179.176057095871,0.04198882992768156
IDN,Indonesia,1987,194.374963296889,0.042746648114488785
IDN,Indonesia,1988,213.571569222803,0.04426550674835313
IDN,Indonesia,1989,233.255114586423,0.04916987880462131
IDN,Indonesia,1990,256.422235294488,0.05509473531652839
IDN,Indonesia,1991,278.544481274153,0.06262372542949009
IDN,Indonesia,1992,301.610580089804,0.06745305992963074
IDN,Indonesia,1993,330.244638655687,0.07219808981017514
IDN,Indonesia,1994,364.849104378351,0.07507576774769713
IDN,Indonesia,1995,397.836495787045,0.07763091749987194
IDN,Indonesia,1996,436.68943569576,0.08400958116663447
IDN,Indonesia,1997,452.184600164397,0.08356301081052303
IDN,Indonesia,1998,394.170329738481,0.0706449279375117
IDN,Indonesia,1999,405.324788935173,0.06945804305997155
IDN,Indonesia,2000,423.475342275378,0.06838963440961994
IDN,Indonesia,2001,431.421567643385,0.07328998142612862
IDN,Indonesia,2002,448.119183211455,0.07620423093932806
IDN,Indonesia,2003,465.811168980345,0.07575356569870643
IDN,Indonesia,2004,489.285103514951,0.07506385211725153
IDN,Indonesia,2005,505.254754866286,0.07598835969641904
IDN,Indonesia,2006,521.464904124994,0.0749127109939281
IDN,Indonesia,2007,538.631714673677,0.0756142572505085
IDN,Indonesia,2008,551.133987711926,0.07981748026399257
IDN,Indonesia,2009,555.923809627877,0.08976006391873398
IDN,Indonesia,2010,573.555128727324,0.08848280245722329
IDN,Indonesia,2011,601.725382836977,0.09325011182895494
IDN,Indonesia,2012,627.421287160089,0.09875264660418065
IDN,Indonesia,2013,646.76047602764,0.09960050278928324
IDN,Indonesia,2014,668.889566426175,0.1022194161703915
IDN,Indonesia,2015,690.059425529949,0.10509251888036512
IDN,Indonesia,2016,711.743080745643,0.1096237532925684
IDN,Indonesia,2017,734.749770327322,0.11600801626807954
IDN,Indonesia,2018,758.759220921475,0.11518654650126907
IDN,Indonesia,2019,780.241029260755,0.11878064133177672
IDN,Indonesia,2020,750.957035765634,0.12009172663694757
IDN,Indonesia,2021,770.958053432346,0.11485622919231649
IDN,Indonesia,2022,802.665279332734,0.11894543848514598
IDN,Indonesia,2023,832.85920391029,0.12374791738558148
IND,India,1970,37.0237170179071,0.00986096656087152
IND,India,1971,37.3955077948571,0.00995464242160181
IND,India,1972,38.0178360247131,0.009542944166707874
IND,India,1973,38.8256737599352,0.009002725947260027
IND,India,1974,39.0489150522139,0.009512073513320167
IND,India,1975,38.9414694403165,0.01018046802025651
IND,India,1976,41.3717695127944,0.010137416456259686
IND,India,1977,42.9220411161657,0.01018334928796171
IND,India,1978,46.4990032079725,0.010689098511717603
IND,India,1979,44.5596707805668,0.010260487958729803
IND,India,1980,43.59416565882,0.010879731228874362
IND,India,1981,46.001049975408,0.011222567707072481
IND,India,1982,47.8727795736443,0.01243188253344571
IND,India,1983,51.4008306907705,0.013078375777926967
IND,India,1984,53.4661948489033,0.012733844781841029
IND,India,1985,54.3274040723413,0.012729171504790254
IND,India,1986,56.8084407875338,0.013312715980842361
IND,India,1987,59.5886466754682,0.013104645103722624
IND,India,1988,63.3612439066202,0.013132448199631837
IND,India,1989,69.1937718435462,0.014585958304126371
IND,India,1990,71.8054612968148,0.015428080485632809
IND,India,1991,67.660994558266,0.01521187397474478
IND,India,1992,69.002525827959,0.015431923868795862
IND,India,1993,73.221293846111,0.016007640792104986
IND,India,1994,80.3133762911188,0.016526252396148727
IND,India,1995,90.4409848273168,0.017647995360121082
IND,India,1996,97.2134112952096,0.01870175300595124
IND,India,1997,96.7614652707251,0.017881368285253427
IND,India,1998,97.4884344673852,0.017472302981958582
IND,India,1999,99.4595671131357,0.01704378089832351
IND,India,2000,103.981682784397,0.01679264070656954
IND,India,2001,105.696929320048,0.01795581530376446
IND,India,2002,108.358597671423,0.018426757680932448
IND,India,2003,113.79792194706,0.01850663730426057
IND,India,2004,122.713463075688,0.018826130570778313
IND,India,2005,132.014663399611,0.019854494452538403
IND,India,2006,153.083961824185,0.021991766846099877
IND,India,2007,161.322199997051,0.022646751014624437
IND,India,2008,166.43384361694,0.024103630558707557
IND,India,2009,182.036290431698,0.029391777761085272
IND,India,2010,193.213108515512,0.029807138767739598
IND,India,2011,196.447985100591,0.03044378233278888
IND,India,2012,204.33342334113,0.03216095270844776
IND,India,2013,211.640883695456,0.032592496307604885
IND,India,2014,225.489263161358,0.03445917232077163
IND,India,2015,251.913831250468,0.03836518723961104
IND,India,2016,268.661984147033,0.04137972797483576
IND,India,2017,285.545803230642,0.04508419536042196
IND,India,2018,297.713480500797,0.04519561241590328
IND,India,2019,285.868033459546,0.043519357579477905
IND,India,2020,291.800139226644,0.046664164371137025
IND,India,2021,318.220848554576,0.04740808731763921
IND,India,2022,308.767083837286,0.0457556058826127
IND,India,2023,336.235479796365,0.049958552634814496
JPN,Japón,1970,2718.44153642761,0.7240348416511366
JPN,Japón,1971,2815.5078378183,0.7494850428144998
JPN,Japón,1972,3034.46439054258,0.7616878624019372
JPN,Japón,1973,3375.89482598964,0.7827875990788352
JPN,Japón,1974,3246.96767847679,0.7909411877832615
JPN,Japón,1975,3044.61168486808,0.7959528065422397
JPN,Japón,1976,3272.57271864089,0.8018857526023151
JPN,Japón,1977,3346.33497857936,0.7939253827461418
JPN,Japón,1978,3413.86887067143,0.7847733961410259
JPN,Japón,1979,3681.5205092648,0.8477216324408356
JPN,Japón,1980,3782.8581439107,0.9440822931400716
JPN,Japón,1981,3896.61686746424,0.950631488781583
JPN,Japón,1982,3982.45619041442,1.034187444196002
JPN,Japón,1983,4044.1442684762,1.0289880091914227
JPN,Japón,1984,4240.16240151225,1.0098637096438667
JPN,Japón,1985,4648.96549685182,1.0892749274469231
JPN,Japón,1986,4609.17373845074,1.0801321077591912
JPN,Japón,1987,4750.44211680206,1.0447100496426691
JPN,Japón,1988,5109.12817285179,1.0589337730512172
JPN,Japón,1989,5417.15145113617,1.1419285737460434
JPN,Japón,1990,5800.75475683099,1.2463468606638664
JPN,Japón,1991,6067.95297413866,1.3642267089022322
JPN,Japón,1992,5924.37824754092,1.3249450362722457
JPN,Japón,1993,5686.68799150742,1.2432238476439137
JPN,Japón,1994,5583.10839284129,1.1488479592826506
JPN,Japón,1995,5841.54196827359,1.1398759727006769
JPN,Japón,1996,6062.41599200805,1.166277419867174
JPN,Japón,1997,6191.28711822471,1.1441402299042696
JPN,Japón,1998,5926.37862327669,1.062151458861869
JPN,Japón,1999,5860.7602942075,1.0043228344080957
JPN,Japón,2000,6153.47146120153,0.9937619067037491
JPN,Japón,2001,5824.51508762353,0.9894697776004425
JPN,Japón,2002,5735.48520020845,0.9753392738367609
JPN,Japón,2003,5976.26136552143,0.9719026466812166
JPN,Japón,2004,6291.88720767865,0.9652721644348714
JPN,Japón,2005,6595.81783580182,0.9919854753897511
JPN,Japón,2006,6843.93163154449,0.9831869188519786
JPN,Japón,2007,7192.65424432475,1.0097199877542085
JPN,Japón,2008,7170.92528527392,1.0385227552525536
JPN,Japón,2009,5884.32663660249,0.9500897890552642
JPN,Japón,2010,6847.93615296514,1.056436515888182
JPN,Japón,2011,6648.54263431672,1.030332709626738
JPN,Japón,2012,6796.79098938649,1.0697773766258964
JPN,Japón,2013,6768.3087651204,1.0423131607848823
JPN,Japón,2014,6936.41941836173,1.0600206354633859
JPN,Japón,2015,7146.22971025655,1.08833421146563
JPN,Japón,2016,7160.23525256506,1.1028303387531715
JPN,Japón,2017,7461.92159003068,1.1781462971016374
JPN,Japón,2018,7725.98158487509,1.1728742301324375
JPN,Japón,2019,7598.81435300523,1.1568118163001997
JPN,Japón,2020,7187.20243025695,1.1493647551471837
JPN,Japón,2021,7936.68697573888,1.182396285056943
JPN,Japón,2022,7898.15208574733,1.170412109818133
JPN,Japón,2023,8002.36681086868,1.1890079647930052
KOR,Corea del Sur,1970,173.358578313482,0.0461726504381679
KOR,Corea del Sur,1971,199.099121641896,0.052999963879957
KOR,Corea del Sur,1972,224.411117403939,0.05632994898453
KOR,Corea del Sur,1973,287.013603302275,0.06655144813822543
KOR,Corea del Sur,1974,328.238210634729,0.07995679227613252
KOR,Corea del Sur,1975,364.249925669938,0.09522585492946092
KOR,Corea del Sur,1976,435.027979185303,0.10659587073650927
KOR,Corea del Sur,1977,500.218023249374,0.11867783354234794
KOR,Corea del Sur,1978,619.977801791812,0.14251926581717722
KOR,Corea del Sur,1979,677.502378586416,0.15600440657942172
KOR,Corea del Sur,1980,661.798164195305,0.16516398571675922
KOR,Corea del Sur,1981,714.228880174991,0.17424563070615653
KOR,Corea del Sur,1982,739.904259657557,0.19214265233771624
KOR,Corea del Sur,1983,852.984607174676,0.21703254744131859
KOR,Corea del Sur,1984,1009.46519649827,0.2404205715631415
KOR,Corea del Sur,1985,1068.84757827298,0.250436117253083
KOR,Corea del Sur,1986,1228.51600971121,0.2878953283785968
KOR,Corea del Sur,1987,1457.11032541647,0.32044550022334584
KOR,Corea del Sur,1988,1632.46698713534,0.33835017787464805
KOR,Corea del Sur,1989,1682.01042299729,0.35456563854356105
KOR,Corea del Sur,1990,1850.93487425401,0.39769081206253926
KOR,Corea del Sur,1991,2100.89361739548,0.4723331241405971
KOR,Corea del Sur,1992,2222.58457643885,0.49706522426555555
KOR,Corea del Sur,1993,2371.07017863381,0.5183634120453082
KOR,Corea del Sur,1994,2639.03226503863,0.5430392209576589
KOR,Corea del Sur,1995,2976.91071214698,0.5808926841716182
KOR,Corea del Sur,1996,3220.76806751345,0.6196059585356779
KOR,Corea del Sur,1997,3396.95145684976,0.6277513458184069
KOR,Corea del Sur,1998,3128.59372581427,0.5607202309025627
KOR,Corea del Sur,1999,3718.7350200914,0.6372569953905388
KOR,Corea del Sur,2000,4286.09100860491,0.6921871661992444
KOR,Corea del Sur,2001,4385.17498403134,0.7449543955012529
KOR,Corea del Sur,2002,4764.57670196346,0.8102328954599513
KOR,Corea del Sur,2003,4969.8026797385,0.8082250896501442
KOR,Corea del Sur,2004,5452.64157572641,0.83651899056068
KOR,Corea del Sur,2005,5707.23919330907,0.8583466865332975
KOR,Corea del Sur,2006,6127.73292669002,0.880299100004388
KOR,Corea del Sur,2007,6588.12759269605,0.9248552601383561
KOR,Corea del Sur,2008,6781.48262953205,0.9821220755962644
KOR,Corea del Sur,2009,6642.41651975983,1.0724918074431744
KOR,Corea del Sur,2010,7539.55670743712,1.1631333647725954
KOR,Corea del Sur,2011,7870.09823577315,1.219638661627702
KOR,Corea del Sur,2012,7931.60416913591,1.2483907058114696
KOR,Corea del Sur,2013,8132.04596451269,1.2523274021716988
KOR,Corea del Sur,2014,8326.27894609502,1.2724183713748987
KOR,Corea del Sur,2015,8399.38233181567,1.2791829422688372
KOR,Corea del Sur,2016,8521.14140272215,1.3124391766822547
KOR,Corea del Sur,2017,8851.20335218148,1.3974969219990605
KOR,Corea del Sur,2018,9123.74169272997,1.3850669194885084
KOR,Corea del Sur,2019,9146.4724541493,1.3924208331579586
KOR,Corea del Sur,2020,8947.6174993307,1.4308872326977466
KOR,Corea del Sur,2021,9528.98359161737,1.4196143596866524
KOR,Corea del Sur,2022,9777.10536389643,1.4488506162754446
KOR,Corea del Sur,2023,9949.26698719298,1.4782823596086074
THA,Tailandia,1970,144.97871684091,0.038613904652382985
THA,Tailandia,1971,156.744537150697,0.04172522077877113
THA,Tailandia,1972,172.841595275976,0.04338536502527845
THA,Tailandia,1973,194.832134856004,0.045176815904691706
THA,Tailandia,1974,201.665750891254,0.04912452612400464
THA,Tailandia,1975,208.214528280682,0.05443352233441167
THA,Tailandia,1976,234.623878810044,0.05749040947704359
THA,Tailandia,1977,262.240405035537,0.062217116717863695
THA,Tailandia,1978,278.970613245201,0.06412921054490378
THA,Tailandia,1979,295.770814629097,0.06810537036932193
THA,Tailandia,1980,298.088076024588,0.07439339876490182
THA,Tailandia,1981,310.524705268666,0.07575663015212344
THA,Tailandia,1982,312.583938763442,0.08117361981396805
THA,Tailandia,1983,340.891645328819,0.08673612813745106
THA,Tailandia,1984,355.201241927473,0.08459695876626205
THA,Tailandia,1985,343.933290699023,0.08058522063165592
THA,Tailandia,1986,371.085259453515,0.0869615957645844
THA,Tailandia,1987,423.18088940883,0.09306530152602825
THA,Tailandia,1988,490.630305758313,0.10168956097257695
THA,Tailandia,1989,560.412615892912,0.1181342602193006
THA,Tailandia,1990,637.30168650326,0.13693027710467442
THA,Tailandia,1991,684.946367135999,0.15399297459867417
THA,Tailandia,1992,743.310805170386,0.16623617206190663
THA,Tailandia,1993,792.865591891151,0.1733362922825128
THA,Tailandia,1994,846.242773649798,0.17413315579038893
THA,Tailandia,1995,927.832257149615,0.18105043195196785
THA,Tailandia,1996,969.001217243465,0.18641482883798755
THA,Tailandia,1997,965.124562159425,0.1783535179922283
THA,Tailandia,1998,873.523209583773,0.15655664451896242
THA,Tailandia,1999,947.661535501886,0.16239499171045355
THA,Tailandia,2000,967.70274963368,0.156280261582728
THA,Tailandia,2001,976.734710994477,0.16592788630867128
THA,Tailandia,2002,1053.11588588935,0.1790860315308538
THA,Tailandia,2003,1149.78164094768,0.18698576778946188
THA,Tailandia,2004,1224.67476447404,0.1878839244273051
THA,Tailandia,2005,1265.19669396104,0.19028068621120625
THA,Tailandia,2006,1325.77268849126,0.1904581218619896
THA,Tailandia,2007,1410.84408498561,0.19805727118591748
THA,Tailandia,2008,1433.23657248364,0.20756718763212986
THA,Tailandia,2009,1375.48226863564,0.22208686552652585
THA,Tailandia,2010,1522.12543237561,0.23481949197604737
THA,Tailandia,2011,1439.12765790179,0.2230233572710059
THA,Tailandia,2012,1529.2654082762,0.2406979321837458
THA,Tailandia,2013,1548.88766190039,0.23852723783758747
THA,Tailandia,2014,1541.20270961709,0.23552593594636684
THA,Tailandia,2015,1557.27078250781,0.23716437028138265
THA,Tailandia,2016,1585.25262769026,0.24416302408202464
THA,Tailandia,2017,1624.41631774009,0.2564754998570141
THA,Tailandia,2018,1675.5839633051,0.2543688759019351
THA,Tailandia,2019,1658.00051218579,0.2524070854777185
THA,Tailandia,2020,1567.47900953322,0.25066848269168485
THA,Tailandia,2021,1639.63104169579,0.24426988975266486
THA,Tailandia,2022,1650.50816567499,0.24458566047945832
THA,Tailandia,2023,1597.84235430841,0.23741067244955155
VNM,Vietnam,1970,40.6031485025814,0.010814319087853944
VNM,Vietnam,1971,41.1813732486083,0.010962435578339515
VNM,Vietnam,1972,41.0405540774663,0.01030168355393583
VNM,Vietnam,1973,39.5644001094806,0.009174018554211252
VNM,Vietnam,1974,39.6518597741341,0.00965894710793104
VNM,Vietnam,1975,39.8917091423601,0.010428889177374362
VNM,Vietnam,1976,43.1681327657966,0.01057758332890875
VNM,Vietnam,1977,47.7570946275946,0.011330476438779383
VNM,Vietnam,1978,47.3210229765433,0.01087806278360819
VNM,Vietnam,1979,49.4318379827649,0.01138237265929796
VNM,Vietnam,1980,46.7001537934067,0.011654888078275819
VNM,Vietnam,1981,48.1236850164566,0.011740412744920688
VNM,Vietnam,1982,51.105483916577,0.013271370046279084
VNM,Vietnam,1983,53.3411117481119,0.013572058942998087
VNM,Vietnam,1984,55.7854176322954,0.013286205446774904
VNM,Vietnam,1985,59.2688337987886,0.013886972204839525
VNM,Vietnam,1986,58.5931921208515,0.013730961707489768
VNM,Vietnam,1987,56.4277396254939,0.01240950320326357
VNM,Vietnam,1988,67.3886902397017,0.013967189235081487
VNM,Vietnam,1989,57.8656825056925,0.012198011609719308
VNM,Vietnam,1990,53.3523556843202,0.01146325673187081
VNM,Vietnam,1991,57.6203088991253,0.012954478175820393
VNM,Vietnam,1992,63.1224117203328,0.014116878192425087
VNM,Vietnam,1993,68.3616007169433,0.014945214578562885
VNM,Vietnam,1994,73.9611928502417,0.01521915024631444
VNM,Vietnam,1995,82.5878692667201,0.016115595561063997
VNM,Vietnam,1996,92.3915835354423,0.017774137869326044
VNM,Vietnam,1997,102.737586624253,0.0189857462164972
VNM,Vietnam,1998,111.601800787231,0.020001762130450844
VNM,Vietnam,1999,118.95762599314,0.02038504462125313
VNM,Vietnam,2000,131.364448792677,0.021214851800061395
VNM,Vietnam,2001,144.740912050323,0.024588614829144928
VNM,Vietnam,2002,159.878057806164,0.027187821668065396
VNM,Vietnam,2003,176.544860562449,0.028710996180408812
VNM,Vietnam,2004,193.836441695369,0.02973748820438148
VNM,Vietnam,2005,216.857942188996,0.03261459522225318
VNM,Vietnam,2006,268.915293765868,0.03863188783055857
VNM,Vietnam,2007,327.999568166279,0.046045271842944394
VNM,Vietnam,2008,390.770919388705,0.05659304423510382
VNM,Vietnam,2009,435.264834485982,0.07027833434799474
VNM,Vietnam,2010,379.449714117078,0.05853800692388746
VNM,Vietnam,2011,422.334772924591,0.0654497316014741
VNM,Vietnam,2012,452.405297591056,0.07120609610982073
VNM,Vietnam,2013,476.158957575585,0.07332802998945542
VNM,Vietnam,2014,500.981354040496,0.07655975529097109
VNM,Vietnam,2015,540.260794844482,0.08227895407545684
VNM,Vietnam,2016,592.929553406061,0.09132391285681872
VNM,Vietnam,2017,656.607833830637,0.10367035873293218
VNM,Vietnam,2018,723.923819054045,0.10989821586033127
VNM,Vietnam,2019,785.737273139982,0.11961736658513719
VNM,Vietnam,2020,817.346763037479,0.13070865490222872
VNM,Vietnam,2021,853.747534458397,0.1271900877791838
VNM,Vietnam,2022,916.798756037571,0.13585866094790985
VNM,Vietnam,2023,943.646551546747,0.1402089272157144
ASIA,Promedio simple países de Asia,1970,831.0083935758864,0.221332341560734
ASIA,Promedio simple países de Asia,1971,870.1742543934313,0.23163941493961673
ASIA,Promedio simple países de Asia,1972,907.1259733118287,0.2276997699147882
ASIA,Promedio simple países de Asia,1973,962.3367673895588,0.2231424041563053
ASIA,Promedio simple países de Asia,1974,997.5057210982018,0.24298620682178443
ASIA,Promedio simple países de Asia,1975,995.7376987264727,0.2603156979986392
ASIA,Promedio simple países de Asia,1976,1135.8903463165107,0.2783297312360412
ASIA,Promedio simple países de Asia,1977,1123.6723194479598,0.26659374569777833
ASIA,Promedio simple países de Asia,1978,1175.2014562334364,0.2701529768414345
ASIA,Promedio simple países de Asia,1979,1214.8743609563114,0.27974182783679985
ASIA,Promedio simple países de Asia,1980,1173.2395909453999,0.2928036636016664
ASIA,Promedio simple países de Asia,1981,1155.0273843360403,0.2817842860361596
ASIA,Promedio simple países de Asia,1982,1164.4899342706242,0.30240153597018876
ASIA,Promedio simple países de Asia,1983,1177.4454227060376,0.2995880317341772
ASIA,Promedio simple países de Asia,1984,1245.320261647171,0.29659329526462475
ASIA,Promedio simple países de Asia,1985,1235.553614549534,0.2894961416161538
ASIA,Promedio simple países de Asia,1986,1204.8439005353343,0.2823479121538748
ASIA,Promedio simple países de Asia,1987,1336.3377392096465,0.29388537562245043
ASIA,Promedio simple países de Asia,1988,1341.762690054145,0.2780979023913017
ASIA,Promedio simple países de Asia,1989,1297.5658533319195,0.27352521663874013
ASIA,Promedio simple países de Asia,1990,1181.7189805692212,0.25390346659371205
ASIA,Promedio simple países de Asia,1991,1127.2371417187894,0.2534309383334787
ASIA,Promedio simple países de Asia,1992,1169.9877318576844,0.2616594304166355
ASIA,Promedio simple países de Asia,1993,1141.3428141799764,0.2495203899079103
ASIA,Promedio simple países de Asia,1994,1171.3792014810674,0.24103716254070584
ASIA,Promedio simple países de Asia,1995,1176.956346040736,0.22966269301081652
ASIA,Promedio simple países de Asia,1996,1196.1186532860531,0.2301073002328548
ASIA,Promedio simple países de Asia,1997,1252.1655517535246,0.2313982464234809
ASIA,Promedio simple países de Asia,1998,1223.5103545077543,0.21928286911484773
ASIA,Promedio simple países de Asia,1999,1246.9076207453595,0.21367497270784927
ASIA,Promedio simple países de Asia,2000,1289.660587840219,0.2082752106438672
ASIA,Promedio simple países de Asia,2001,1252.0641881022873,0.2127009124545896
ASIA,Promedio simple países de Asia,2002,1284.0642007902065,0.21835959843693498
ASIA,Promedio simple países de Asia,2003,1316.525264161569,0.21410281619262433
ASIA,Promedio simple países de Asia,2004,1379.2322511389384,0.21159541745924754
ASIA,Promedio simple países de Asia,2005,1428.9733659410804,0.2149120638290088
ASIA,Promedio simple países de Asia,2006,1462.8671508821094,0.21015286595447397
ASIA,Promedio simple países de Asia,2007,1460.835821746155,0.20507521673355697
ASIA,Promedio simple países de Asia,2008,1480.0310465300624,0.21434415492491185
ASIA,Promedio simple países de Asia,2009,1386.3376395301948,0.2238395855368615
ASIA,Promedio simple países de Asia,2010,1518.4544515621421,0.23425316686818357
ASIA,Promedio simple países de Asia,2011,1584.6468880644734,0.2455746487288403
ASIA,Promedio simple países de Asia,2012,1573.2877723439992,0.2476268092404127
ASIA,Promedio simple países de Asia,2013,1567.5005980896879,0.24139361244078708
ASIA,Promedio simple países de Asia,2014,1556.5460658880525,0.23787070105982475
ASIA,Promedio simple países de Asia,2015,1549.954090499395,0.23605007553430973
ASIA,Promedio simple países de Asia,2016,1567.0030636871702,0.24135219843989014
ASIA,Promedio simple países de Asia,2017,1625.718101858437,0.25668103567244066
ASIA,Promedio simple países de Asia,2018,1680.5258162368896,0.25511909409610567
ASIA,Promedio simple países de Asia,2019,1683.784449689028,0.2563323246254146
ASIA,Promedio simple países de Asia,2020,1696.776958448215,0.27134558297344263
ASIA,Promedio simple países de Asia,2021,1815.7272477468298,0.27050445090946135
ASIA,Promedio simple países de Asia,2022,1843.7621398422796,0.2732235987187135
ASIA,Promedio simple países de Asia,2023,1812.546536221564,0.2693118572368301
