anio,subregion_es,valor
1970,América Latina y el Caribe,0.15081800607512258
1970,América del Norte,0.1375704786240588
1970,Asia Occidental,0.10849661128632654
1970,Asia del Sur,0.10980939554273486
1970,Australia y Nueva Zelanda,0.24309869194689349
1970,Este de Asia,0.2299005117114743
1970,Europa Occidental,0.26690463056425434
1970,Europa del Este,0.31172190855037823
1970,Europa del Norte,0.21810270564287856
1970,Europa del Sur,0.2070072096852246
1970,Melanesia,0.10612380890515026
1970,Micronesia,0.09195205067533088
1970,Polinesia,0.07663307960777338
1970,Sudeste Asiático,0.14066427273179052
1970,África Subsahariana,0.10866168394554628
1970,África del Norte,0.12698186910654446
1970,NA,0.1893195373101648
1971,América Latina y el Caribe,0.1501976630790545
1971,América del Norte,0.13624251011238098
1971,Asia Occidental,0.10528651689473731
1971,Asia del Sur,0.11007323196626521
1971,Australia y Nueva Zelanda,0.24308327244508848
1971,Este de Asia,0.22930339603337271
1971,Europa Occidental,0.2559901850945855
1971,Europa del Este,0.3072858985367758
1971,Europa del Norte,0.21288508626141986
1971,Europa del Sur,0.20447003109377607
1971,Melanesia,0.0944004961446776
1971,Micronesia,0.08526843231230793
1971,Polinesia,0.07433967406769196
1971,Sudeste Asiático,0.14237842720284305
1971,África Subsahariana,0.10972350758240196
1971,África del Norte,0.12089024665793854
1971,NA,0.18040194453194164
1972,América Latina y el Caribe,0.1496359155635693
1972,América del Norte,0.1366884645421873
1972,Asia Occidental,0.10671347640891045
1972,Asia del Sur,0.10747073239373049
1972,Australia y Nueva Zelanda,0.2328610738069945
1972,Este de Asia,0.23224747302303272
1972,Europa Occidental,0.2504241601128723
1972,Europa del Este,0.308898036917736
1972,Europa del Norte,0.21127061473330327
1972,Europa del Sur,0.21048511927897032
1972,Melanesia,0.11236906965832202
1972,Micronesia,0.06666030780983756
1972,Polinesia,0.07662263670350931
1972,Sudeste Asiático,0.14665891820851906
1972,África Subsahariana,0.11124841970370872
1972,África del Norte,0.1243801909061657
1972,NA,0.1824956214033881
1973,América Latina y el Caribe,0.14962056429707749
1973,América del Norte,0.13621640875600347
1973,Asia Occidental,0.10762732493794684
1973,Asia del Sur,0.11194999589618711
1973,Australia y Nueva Zelanda,0.228395605581445
1973,Este de Asia,0.23698150162288473
1973,Europa Occidental,0.25396819809385185
1973,Europa del Este,0.31214439086589973
1973,Europa del Norte,0.21618554804885773
1973,Europa del Sur,0.21615333389723532
1973,Melanesia,0.10557332137676968
1973,Micronesia,0.058585037419147265
1973,Polinesia,0.07761438600510334
1973,Sudeste Asiático,0.15200675297078245
1973,África Subsahariana,0.11345093635469831
1973,África del Norte,0.12334522917883398
1973,NA,0.18237146671612098
1974,América Latina y el Caribe,0.15508581305935298
1974,América del Norte,0.1332529694140022
1974,Asia Occidental,0.09474522827039135
1974,Asia del Sur,0.11526008193531367
1974,Australia y Nueva Zelanda,0.2337197755839755
1974,Este de Asia,0.23401077815161042
1974,Europa Occidental,0.2606684218746659
1974,Europa del Este,0.31037990806563
1974,Europa del Norte,0.21667403988059714
1974,Europa del Sur,0.2218818863040079
1974,Melanesia,0.11340323447222997
1974,Micronesia,0.06346182212977695
1974,Polinesia,0.07048254917934767
1974,Sudeste Asiático,0.1465907176536027
1974,África Subsahariana,0.11399392399130091
1974,África del Norte,0.11584923469752972
1974,NA,0.19518332732552865
1975,América Latina y el Caribe,0.1530032963933091
1975,América del Norte,0.1274576585501281
1975,Asia Occidental,0.0967004734971605
1975,Asia del Sur,0.12466274490765161
1975,Australia y Nueva Zelanda,0.217188238096932
1975,Este de Asia,0.23185197723488185
1975,Europa Occidental,0.23213652990073178
1975,Europa del Este,0.3179213665810565
1975,Europa del Norte,0.20995107190889759
1975,Europa del Sur,0.2175277477775269
1975,Melanesia,0.11032049444441372
1975,Micronesia,0.051895576135092575
1975,Polinesia,0.06707300904908695
1975,Sudeste Asiático,0.15155716646510256
1975,África Subsahariana,0.11720080162256095
1975,África del Norte,0.11665095406271112
1975,NA,0.17684076696503337
1976,América Latina y el Caribe,0.1536537009379553
1976,América del Norte,0.12764265645766842
1976,Asia Occidental,0.10059300010503981
1976,Asia del Sur,0.12689579551930016
1976,Australia y Nueva Zelanda,0.22283241701880702
1976,Este de Asia,0.23384491915728428
1976,Europa Occidental,0.2301279592382933
1976,Europa del Este,0.31527889257192226
1976,Europa del Norte,0.20620291743762914
1976,Europa del Sur,0.22355729891623505
1976,Melanesia,0.11030324580389834
1976,Micronesia,0.04160889053354317
1976,Polinesia,0.06472068076272101
1976,Sudeste Asiático,0.15862506919351246
1976,África Subsahariana,0.11413943949801934
1976,África del Norte,0.1203084633542861
1976,NA,0.17729018255130627
1977,América Latina y el Caribe,0.15108889424586266
1977,América del Norte,0.12841282001958598
1977,Asia Occidental,0.09791789415001695
1977,Asia del Sur,0.13114268664952494
1977,Australia y Nueva Zelanda,0.2227093574034105
1977,Este de Asia,0.23495022307299887
1977,Europa Occidental,0.22336874064570705
1977,Europa del Este,0.31239840842179023
1977,Europa del Norte,0.20307350756294443
1977,Europa del Sur,0.2161269516198436
1977,Melanesia,0.10713393119367047
1977,Micronesia,0.03257030668719514
1977,Polinesia,0.0668794654214149
1977,Sudeste Asiático,0.15864294691106842
1977,África Subsahariana,0.1133847373222462
1977,África del Norte,0.11846530736235372
1977,NA,0.1763442863645717
1978,América Latina y el Caribe,0.15134212494357566
1978,América del Norte,0.1286500263390586
1978,Asia Occidental,0.10033879237496782
1978,Asia del Sur,0.1308659245452056
1978,Australia y Nueva Zelanda,0.219883688743712
1978,Este de Asia,0.23642772721987487
1978,Europa Occidental,0.2225803872111346
1978,Europa del Este,0.31216983221599426
1978,Europa del Norte,0.19859153532935614
1978,Europa del Sur,0.21360138035700404
1978,Melanesia,0.07957043453982315
1978,Micronesia,0.025786751221675314
1978,Polinesia,0.06975326963099672
1978,Sudeste Asiático,0.15987145849564474
1978,África Subsahariana,0.11493589616546035
1978,África del Norte,0.11940769571187274
1978,NA,0.18075341838768352
1979,América Latina y el Caribe,0.1518807151415279
1979,América del Norte,0.1289779206980186
1979,Asia Occidental,0.10072885993453809
1979,Asia del Sur,0.1265297888704498
1979,Australia y Nueva Zelanda,0.217876620609404
1979,Este de Asia,0.2354210376777386
1979,Europa Occidental,0.22119225615823723
1979,Europa del Este,0.318002039051115
1979,Europa del Norte,0.20561824851393787
1979,Europa del Sur,0.2155629862193827
1979,Melanesia,0.0944329251834419
1979,Micronesia,0.028958022815262524
1979,Polinesia,0.06992127733785584
1979,Sudeste Asiático,0.1601720282688638
1979,África Subsahariana,0.11646605466496401
1979,África del Norte,0.12135605049018074
1979,NA,0.17958956653969205
1980,América Latina y el Caribe,0.15007268777339705
1980,América del Norte,0.12292880205992575
1980,Asia Occidental,0.09223661743646266
1980,Asia del Sur,0.12491173224265749
1980,Australia y Nueva Zelanda,0.218070108175693
1980,Este de Asia,0.23721286849125114
1980,Europa Occidental,0.2167702993041581
1980,Europa del Este,0.3089668804919948
1980,Europa del Norte,0.20376824383929915
1980,Europa del Sur,0.2158782124637397
1980,Melanesia,0.0921069711550648
1980,Micronesia,0.030713930086238402
1980,Polinesia,0.06609714061590682
1980,Sudeste Asiático,0.16705096680227396
1980,África Subsahariana,0.11644190282597863
1980,África del Norte,0.11732707614771055
1980,NA,0.17827769429718937
1981,América Latina y el Caribe,0.14673034791529255
1981,América del Norte,0.120470175941139
1981,Asia Occidental,0.10647595286968317
1981,Asia del Sur,0.1259649622450767
1981,Australia y Nueva Zelanda,0.22327844241071348
1981,Este de Asia,0.23271339224357285
1981,Europa Occidental,0.20841156276739992
1981,Europa del Este,0.2986981247255205
1981,Europa del Norte,0.19792693239517387
1981,Europa del Sur,0.21122769149801868
1981,Melanesia,0.08691974766651059
1981,Micronesia,0.030728041277704805
1981,Polinesia,0.07404544549515756
1981,Sudeste Asiático,0.16396815562624856
1981,África Subsahariana,0.11710099145817605
1981,África del Norte,0.12129234199894684
1981,NA,0.17450098679888762
1982,América Latina y el Caribe,0.14534794436621745
1982,América del Norte,0.11324719860388804
1982,Asia Occidental,0.10627309486603256
1982,Asia del Sur,0.12504229626686525
1982,Australia y Nueva Zelanda,0.22064029366815252
1982,Este de Asia,0.22923504326032185
1982,Europa Occidental,0.20354855238846026
1982,Europa del Este,0.304705105658004
1982,Europa del Norte,0.19382046503555844
1982,Europa del Sur,0.20588302140988088
1982,Melanesia,0.0791162144276418
1982,Micronesia,0.02929019084606304
1982,Polinesia,0.07118040964773162
1982,Sudeste Asiático,0.15629890760972645
1982,África Subsahariana,0.1159431858395685
1982,África del Norte,0.11949915734477902
1982,NA,0.1729761203651416
1983,América Latina y el Caribe,0.1491993075283441
1983,América del Norte,0.11419906375488585
1983,Asia Occidental,0.10972724789301788
1983,Asia del Sur,0.1250490606820219
1983,Australia y Nueva Zelanda,0.2159448507921915
1983,Este de Asia,0.2335570700656867
1983,Europa Occidental,0.20054501616435122
1983,Europa del Este,0.31189812078428225
1983,Europa del Norte,0.19226555377997315
1983,Europa del Sur,0.2030295561148382
1983,Melanesia,0.06810003629498652
1983,Micronesia,0.028880127110542227
1983,Polinesia,0.07506754973544776
1983,Sudeste Asiático,0.15654318286681373
1983,África Subsahariana,0.11574230745172373
1983,África del Norte,0.12389737030246271
1983,NA,0.17176696308001163
1984,América Latina y el Caribe,0.15227135940460385
1984,América del Norte,0.11751499914147917
1984,Asia Occidental,0.1126310911811333
1984,Asia del Sur,0.12658484016669672
1984,Australia y Nueva Zelanda,0.21503122575342448
1984,Este de Asia,0.23810380147493598
1984,Europa Occidental,0.20144881403636883
1984,Europa del Este,0.3144007874797635
1984,Europa del Norte,0.19733387594801471
1984,Europa del Sur,0.20587068728933103
1984,Melanesia,0.07730968984912755
1984,Micronesia,0.02678998238165776
1984,Polinesia,0.07234077055752008
1984,Sudeste Asiático,0.1602306826691329
1984,África Subsahariana,0.11443653780754329
1984,África del Norte,0.13051461707658496
1984,NA,0.1715656080608133
1985,América Latina y el Caribe,0.1561251123679221
1985,América del Norte,0.11577322904805269
1985,Asia Occidental,0.11146562056056554
1985,Asia del Sur,0.12475285693847499
1985,Australia y Nueva Zelanda,0.200852483542553
1985,Este de Asia,0.23394858581374514
1985,Europa Occidental,0.20073776329069265
1985,Europa del Este,0.3162789471795707
1985,Europa del Norte,0.196524162996538
1985,Europa del Sur,0.20478501221056375
1985,Melanesia,0.08207586602149317
1985,Micronesia,0.027922556414669557
1985,Polinesia,0.07099523843218014
1985,Sudeste Asiático,0.16035235661851943
1985,África Subsahariana,0.11588557717079455
1985,África del Norte,0.14191006151593671
1985,NA,0.1786827645788943
1986,América Latina y el Caribe,0.15816782668413348
1986,América del Norte,0.11585402324146198
1986,Asia Occidental,0.12856261933256796
1986,Asia del Sur,0.12180535692908132
1986,Australia y Nueva Zelanda,0.1914617717929665
1986,Este de Asia,0.23630975871444043
1986,Europa Occidental,0.2011204203993931
1986,Europa del Este,0.319595362280633
1986,Europa del Norte,0.19698646125415914
1986,Europa del Sur,0.20597157123949136
1986,Melanesia,0.07027840490706068
1986,Micronesia,0.027930769326567715
1986,Polinesia,0.06426315521932556
1986,Sudeste Asiático,0.16884337677519828
1986,África Subsahariana,0.12105800058293997
1986,África del Norte,0.15732890369475036
1986,NA,0.17669429274934803
1987,América Latina y el Caribe,0.15296034209240528
1987,América del Norte,0.11596252947664917
1987,Asia Occidental,0.1285610664091539
1987,Asia del Sur,0.12440544632580838
1987,Australia y Nueva Zelanda,0.182047933174124
1987,Este de Asia,0.23639225585583087
1987,Europa Occidental,0.19590065285685557
1987,Europa del Este,0.306939070842963
1987,Europa del Norte,0.1958231884977183
1987,Europa del Sur,0.20170911149041937
1987,Melanesia,0.07080976733224992
1987,Micronesia,0.027273816221238683
1987,Polinesia,0.06724331647844334
1987,Sudeste Asiático,0.16276309265775835
1987,África Subsahariana,0.12387918683830859
1987,África del Norte,0.15122525383476737
1987,NA,0.17701460335615052
1988,América Latina y el Caribe,0.15607022330131826
1988,América del Norte,0.11776952829145512
1988,Asia Occidental,0.1335512503510118
1988,Asia del Sur,0.119807398171708
1988,Australia y Nueva Zelanda,0.1751176472136945
1988,Este de Asia,0.23602108221935114
1988,Europa Occidental,0.1955798295777581
1988,Europa del Este,0.30954885535313426
1988,Europa del Norte,0.19299956508088686
1988,Europa del Sur,0.20220010838948074
1988,Melanesia,0.09964374850220356
1988,Micronesia,0.025538909786633212
1988,Polinesia,0.06813325293173104
1988,Sudeste Asiático,0.17456161272805526
1988,África Subsahariana,0.12713895989795426
1988,África del Norte,0.1577274135707169
1988,NA,0.1782214520192953
1989,América Latina y el Caribe,0.1503683514977817
1989,América del Norte,0.11514709866024525
1989,Asia Occidental,0.12925104466938656
1989,Asia del Sur,0.12187131772039288
1989,Australia y Nueva Zelanda,0.1745693726390865
1989,Este de Asia,0.23148516767480815
1989,Europa Occidental,0.19634594400622185
1989,Europa del Este,0.31164296681903475
1989,Europa del Norte,0.1897889266129993
1989,Europa del Sur,0.20082234947916264
1989,Melanesia,0.10494455709706928
1989,Micronesia,0.02641316028670233
1989,Polinesia,0.0680208939241462
1989,Sudeste Asiático,0.17283373300437055
1989,África Subsahariana,0.12596653642403258
1989,África del Norte,0.156255196235045
1989,NA,0.17999873683712922
1990,América Latina y el Caribe,0.1478104991067792
1990,América del Norte,0.11056933996211663
1990,Asia Central,0.22178789909144103
1990,Asia Occidental,0.14451967490361672
1990,Asia del Sur,0.13386612533917353
1990,Australia y Nueva Zelanda,0.163981941273024
1990,Este de Asia,0.23920077449373287
1990,Europa Occidental,0.19429611274704411
1990,Europa del Este,0.3006641193021374
1990,Europa del Norte,0.2094640180979959
1990,Europa del Sur,0.2068469967954207
1990,Melanesia,0.08286126180185334
1990,Micronesia,0.0282030163344599
1990,Polinesia,0.0673726601647279
1990,Sudeste Asiático,0.1549881230235067
1990,África Subsahariana,0.12403678335425594
1990,África del Norte,0.1538312556875358
1990,NA,0.16127544086208004
1991,América Latina y el Caribe,0.14538005324523554
1991,América del Norte,0.10623954713776648
1991,Asia Central,0.23763073153190828
1991,Asia Occidental,0.14247162711677167
1991,Asia del Sur,0.13478632554725437
1991,Australia y Nueva Zelanda,0.164575654455786
1991,Este de Asia,0.22625881951802357
1991,Europa Occidental,0.186160859376857
1991,Europa del Este,0.2884013453613723
1991,Europa del Norte,0.2279513378619386
1991,Europa del Sur,0.19861926209886258
1991,Melanesia,0.09343664792266866
1991,Micronesia,0.02635288689477376
1991,Polinesia,0.0639474091075842
1991,Sudeste Asiático,0.16116580494382854
1991,África Subsahariana,0.12455298105420703
1991,África del Norte,0.14803352938162567
1991,NA,0.09600570937669903
1992,América Latina y el Caribe,0.1441378128516275
1992,América del Norte,0.10463415614758002
1992,Asia Central,0.3655827973647687
1992,Asia Occidental,0.13071607075795627
1992,Asia del Sur,0.12954446017807103
1992,Australia y Nueva Zelanda,0.1658201325511245
1992,Este de Asia,0.21582034170572587
1992,Europa Occidental,0.17991851620320956
1992,Europa del Este,0.2678375935998244
1992,Europa del Norte,0.2019852220512404
1992,Europa del Sur,0.1903082786111957
1992,Melanesia,0.08386075710954206
1992,Micronesia,0.01939904400357471
1992,Polinesia,0.06290379557440928
1992,Sudeste Asiático,0.16102490900773275
1992,África Subsahariana,0.12365733555143739
1992,África del Norte,0.14900681003992686
1992,NA,0.1001084543963113
1993,América Latina y el Caribe,0.13919174496592146
1993,América del Norte,0.1058606585569958
1993,Asia Central,0.30915966896641456
1993,Asia Occidental,0.11874220095258203
1993,Asia del Sur,0.12513032928659917
1993,Australia y Nueva Zelanda,0.1677193595683665
1993,Este de Asia,0.20640911129304143
1993,Europa Occidental,0.1737105902591069
1993,Europa del Este,0.2353894736656708
1993,Europa del Norte,0.1922660415549419
1993,Europa del Sur,0.1831767928105124
1993,Melanesia,0.0821025713190035
1993,Micronesia,0.01945070476930643
1993,Polinesia,0.05909612411797562
1993,Sudeste Asiático,0.16053232420119531
1993,África Subsahariana,0.12035456539123032
1993,África del Norte,0.1465538365682458
1993,NA,0.10097624981090136
1994,América Latina y el Caribe,0.13841546227451662
1994,América del Norte,0.10959855775234777
1994,Asia Central,0.24484211026585484
1994,Asia Occidental,0.12369334867659446
1994,Asia del Sur,0.12672710974150714
1994,Australia y Nueva Zelanda,0.17101005641856099
1994,Este de Asia,0.2022511147806449
1994,Europa Occidental,0.17200710369678507
1994,Europa del Este,0.236041818016787
1994,Europa del Norte,0.1888443602477736
1994,Europa del Sur,0.180212817608307
1994,Melanesia,0.08398167235789572
1994,Micronesia,0.020260864814104995
1994,Polinesia,0.0691412093351201
1994,Sudeste Asiático,0.1603725102740152
1994,África Subsahariana,0.11964039682432483
1994,África del Norte,0.1469651344246262
1994,NA,0.09673799218139774
1995,América Latina y el Caribe,0.1406669682946281
1995,América del Norte,0.112655600098983
1995,Asia Central,0.2801836167474792
1995,Asia Occidental,0.12079883382207166
1995,Asia del Sur,0.1270221263219299
1995,Australia y Nueva Zelanda,0.164903370118293
1995,Este de Asia,0.20128501617968814
1995,Europa Occidental,0.17140144462390555
1995,Europa del Este,0.2298111782570596
1995,Europa del Norte,0.191662989689095
1995,Europa del Sur,0.1761708520350828
1995,Melanesia,0.08504773686141773
1995,Micronesia,0.02313152619219422
1995,Polinesia,0.06381024258950999
1995,Sudeste Asiático,0.16310791142807127
1995,África Subsahariana,0.11699144976716945
1995,África del Norte,0.14961031252586884
1995,NA,0.0934474023322937
1996,América Latina y el Caribe,0.13891076683366133
1996,América del Norte,0.11031800953569737
1996,Asia Central,0.271212970673007
1996,Asia Occidental,0.11654446809965713
1996,Asia del Sur,0.13008666118916593
1996,Australia y Nueva Zelanda,0.15690794948196551
1996,Este de Asia,0.18177542083799159
1996,Europa Occidental,0.1676956128887846
1996,Europa del Este,0.22783070986198206
1996,Europa del Norte,0.186650729388066
1996,Europa del Sur,0.17193996808813591
1996,Melanesia,0.08392288584298623
1996,Micronesia,0.019903226591550874
1996,Polinesia,0.06090764563370044
1996,Sudeste Asiático,0.1676037614124144
1996,África Subsahariana,0.1169957811593795
1996,África del Norte,0.14732065411481643
1996,NA,0.10503998798723083
1997,América Latina y el Caribe,0.13378823260701747
1997,América del Norte,0.1077613761765606
1997,Asia Central,0.22505815828037679
1997,Asia Occidental,0.11489861350645955
1997,Asia del Sur,0.1311261660054586
1997,Australia y Nueva Zelanda,0.155777291949702
1997,Este de Asia,0.17944068968322327
1997,Europa Occidental,0.16833199811894906
1997,Europa del Este,0.2286375982708261
1997,Europa del Norte,0.191144084105361
1997,Europa del Sur,0.17018130990072322
1997,Melanesia,0.0886377527617725
1997,Micronesia,0.02171264627719826
1997,Polinesia,0.060011234739077164
1997,Sudeste Asiático,0.17787167799112477
1997,África Subsahariana,0.11800407509258752
1997,África del Norte,0.14934836623861344
1997,NA,0.09310360485875424
1998,América Latina y el Caribe,0.12971530107074064
1998,América del Norte,0.1079852320922688
1998,Asia Central,0.21118892860660804
1998,Asia Occidental,0.11103920737097042
1998,Asia del Sur,0.13135075427017798
1998,Australia y Nueva Zelanda,0.149710167580796
1998,Este de Asia,0.1767794280341667
1998,Europa Occidental,0.18963304144153167
1998,Europa del Este,0.2223758612553634
1998,Europa del Norte,0.1869698293778867
1998,Europa del Sur,0.17050306696383657
1998,Melanesia,0.08071153410463897
1998,Micronesia,0.0234197007277105
1998,Polinesia,0.0619574243135709
1998,Sudeste Asiático,0.17358226762924842
1998,África Subsahariana,0.118426164794777
1998,África del Norte,0.14594852368777086
1998,NA,0.09529086956685978
1999,América Latina y el Caribe,0.12884847811162714
1999,América del Norte,0.109600418191674
1999,Asia Central,0.2229723407977107
1999,Asia Occidental,0.10376740746640563
1999,Asia del Sur,0.1307578005911424
1999,Australia y Nueva Zelanda,0.14637143944901249
1999,Este de Asia,0.1750161972786445
1999,Europa Occidental,0.18596702895407044
1999,Europa del Este,0.2186686997790916
1999,Europa del Norte,0.1813460168485787
1999,Europa del Sur,0.16785254435980435
1999,Melanesia,0.0849917578895661
1999,Micronesia,0.02279055392775484
1999,Polinesia,0.06333618771398956
1999,Sudeste Asiático,0.17863755182855282
1999,África Subsahariana,0.11503837693586427
1999,África del Norte,0.1437497728795421
1999,NA,0.09363891950912158
2000,América Latina y el Caribe,0.13106401191721415
2000,América del Norte,0.10823771496309458
2000,Asia Central,0.22585568948506257
2000,Asia Occidental,0.09818028071046113
2000,Asia del Sur,0.13479197721491884
2000,Australia y Nueva Zelanda,0.1433349196999925
2000,Este de Asia,0.17598771578210193
2000,Europa Occidental,0.18524441385716608
2000,Europa del Este,0.208804931449435
2000,Europa del Norte,0.18268076295677782
2000,Europa del Sur,0.17111881940951065
2000,Melanesia,0.08927267140970188
2000,Micronesia,0.0247459449188786
2000,Polinesia,0.06614683894006623
2000,Sudeste Asiático,0.18832877097600742
2000,África Subsahariana,0.1164635564643314
2000,África del Norte,0.1365404864626149
2000,NA,0.09094278901653306
2001,América Latina y el Caribe,0.12932076268896975
2001,América del Norte,0.10202049809856337
2001,Asia Central,0.2287116309930052
2001,Asia Occidental,0.1013416031020875
2001,Asia del Sur,0.1397399830791514
2001,Australia y Nueva Zelanda,0.1390978514538035
2001,Este de Asia,0.17164138765419287
2001,Europa Occidental,0.18517508028182852
2001,Europa del Este,0.20710095824655939
2001,Europa del Norte,0.1849771237883056
2001,Europa del Sur,0.16723263947568986
2001,Melanesia,0.08444758560409255
2001,Micronesia,0.02696031500195756
2001,Polinesia,0.06784873741252347
2001,Sudeste Asiático,0.18883190337371195
2001,África Subsahariana,0.12026697052894353
2001,África del Norte,0.1324207890500116
2001,NA,0.09328849302050474
2002,América Latina y el Caribe,0.12806708487455531
2002,América del Norte,0.10079544895742525
2002,Asia Central,0.21116639235343201
2002,Asia Occidental,0.10237314035716617
2002,Asia del Sur,0.12992884184727202
2002,Australia y Nueva Zelanda,0.143189961372012
2002,Este de Asia,0.16445798323078187
2002,Europa Occidental,0.1829636928433258
2002,Europa del Este,0.200991318742599
2002,Europa del Norte,0.1818685565187369
2002,Europa del Sur,0.16221281080646482
2002,Melanesia,0.08409095878796496
2002,Micronesia,0.02760480286484046
2002,Polinesia,0.06804333682871716
2002,Sudeste Asiático,0.19431538520313166
2002,África Subsahariana,0.12188924612917296
2002,África del Norte,0.13113803751862319
2002,NA,0.09442777847302739
2003,América Latina y el Caribe,0.1283613648877853
2003,América del Norte,0.09357528661592193
2003,Asia Central,0.20760047861753642
2003,Asia Occidental,0.1044141486999121
2003,Asia del Sur,0.12677642041648648
2003,Australia y Nueva Zelanda,0.138810326390592
2003,Este de Asia,0.16441023006131952
2003,Europa Occidental,0.1803990272677009
2003,Europa del Este,0.2030924619168829
2003,Europa del Norte,0.1734011486970233
2003,Europa del Sur,0.15608384975960574
2003,Melanesia,0.08481461518148448
2003,Micronesia,0.02809636986841343
2003,Polinesia,0.07051029537556502
2003,Sudeste Asiático,0.19610917173486883
2003,África Subsahariana,0.12113571759998631
2003,África del Norte,0.12951806314975198
2003,NA,0.0934289511190415
2004,América Latina y el Caribe,0.12861436344319221
2004,América del Norte,0.09603563074073118
2004,Asia Central,0.2023063031275242
2004,Asia Occidental,0.10499305958945296
2004,Asia del Sur,0.12912984824121773
2004,Australia y Nueva Zelanda,0.13463629125799298
2004,Este de Asia,0.16518831997696762
2004,Europa Occidental,0.17932850671226147
2004,Europa del Este,0.2075517378523529
2004,Europa del Norte,0.168137772753408
2004,Europa del Sur,0.15209992955100746
2004,Melanesia,0.09131908952819288
2004,Micronesia,0.03883518365564001
2004,Polinesia,0.0656724645835246
2004,Sudeste Asiático,0.19858538803068398
2004,África Subsahariana,0.11797474318036134
2004,África del Norte,0.13085831056396172
2004,NA,0.08986369529997582
2005,América Latina y el Caribe,0.12162052831693207
2005,América del Norte,0.09381521813199682
2005,Asia Central,0.184593502384916
2005,Asia Occidental,0.1017383356616028
2005,Asia del Sur,0.12886329595106608
2005,Australia y Nueva Zelanda,0.1319744585305095
2005,Este de Asia,0.16474441383538965
2005,Europa Occidental,0.17849069122285804
2005,Europa del Este,0.2108262332338
2005,Europa del Norte,0.16105243965090507
2005,Europa del Sur,0.15054468683332473
2005,Melanesia,0.0855184069546551
2005,Micronesia,0.02407843222749243
2005,Polinesia,0.06336489696751398
2005,Sudeste Asiático,0.19616208580271452
2005,África Subsahariana,0.11332267458841896
2005,África del Norte,0.1239760510159304
2005,NA,0.09167182411661404
2006,América Latina y el Caribe,0.12075270580339399
2006,América del Norte,0.08820360936977423
2006,Asia Central,0.1751587305626372
2006,Asia Occidental,0.09895672614620178
2006,Asia del Sur,0.12848391607846246
2006,Australia y Nueva Zelanda,0.12243817309795749
2006,Este de Asia,0.16429902724695594
2006,Europa Occidental,0.17861665113244254
2006,Europa del Este,0.2100964281457366
2006,Europa del Norte,0.15912452778695313
2006,Europa del Sur,0.1492326962439883
2006,Melanesia,0.09153176662841297
2006,Micronesia,0.015079776138125438
2006,Polinesia,0.05619653863737615
2006,Sudeste Asiático,0.1979937627102051
2006,África Subsahariana,0.11897774231939306
2006,África del Norte,0.1216756082441046
2006,NA,0.09733430088404844
2007,América Latina y el Caribe,0.11885672951055813
2007,América del Norte,0.08201235288077498
2007,Asia Central,0.1681043156784032
2007,Asia Occidental,0.0999176913873712
2007,Asia del Sur,0.12594069237863298
2007,Australia y Nueva Zelanda,0.11644187156552685
2007,Este de Asia,0.16477250255800113
2007,Europa Occidental,0.1796598134897223
2007,Europa del Este,0.2081600018385452
2007,Europa del Norte,0.15321406319908282
2007,Europa del Sur,0.14743889850196784
2007,Melanesia,0.10260565029947084
2007,Micronesia,0.021185968302727492
2007,Polinesia,0.06252638252365346
2007,Sudeste Asiático,0.19501817676089703
2007,África Subsahariana,0.11763040237112522
2007,África del Norte,0.11875495274980973
2007,NA,0.09194629018919695
2008,América Latina y el Caribe,0.11792391932192574
2008,América del Norte,0.07757827133179165
2008,Asia Central,0.2063061006741658
2008,Asia Occidental,0.09925413688440216
2008,Asia del Sur,0.12656613873951844
2008,Australia y Nueva Zelanda,0.1120972404772416
2008,Este de Asia,0.1673663971459389
2008,Europa Occidental,0.1731052860364199
2008,Europa del Este,0.20145155721175928
2008,Europa del Norte,0.15029130318710507
2008,Europa del Sur,0.14331323003393445
2008,Melanesia,0.08036212897285439
2008,Micronesia,0.046604994208025954
2008,Polinesia,0.05719161225541272
2008,Sudeste Asiático,0.19465894929682695
2008,África Subsahariana,0.11142811125221444
2008,África del Norte,0.11488233955995585
2008,NA,0.10140683715313048
2009,América Latina y el Caribe,0.11528120372040482
2009,América del Norte,0.07104940033956247
2009,Asia Central,0.2060725734073532
2009,Asia Occidental,0.10028517769548174
2009,Asia del Sur,0.12207587036885362
2009,Australia y Nueva Zelanda,0.10087341127164805
2009,Este de Asia,0.16132309798659394
2009,Europa Occidental,0.15878541484298903
2009,Europa del Este,0.1845438028286509
2009,Europa del Norte,0.14284599117880534
2009,Europa del Sur,0.12893079273383629
2009,Melanesia,0.08047731535580951
2009,Micronesia,0.06796000199093602
2009,Polinesia,0.05125063528679792
2009,Sudeste Asiático,0.192783790842552
2009,África Subsahariana,0.11383210707470785
2009,África del Norte,0.11882711275155765
2009,NA,0.10457687912376018
2010,América Latina y el Caribe,0.11338288409020192
2010,América del Norte,0.07010426447248351
2010,Asia Central,0.2095645604180308
2010,Asia Occidental,0.10077913655894817
2010,Asia del Sur,0.12066466544731218
2010,Australia y Nueva Zelanda,0.09810441752367971
2010,Este de Asia,0.16499531698480802
2010,Europa Occidental,0.16337194939626254
2010,Europa del Este,0.1880918077193755
2010,Europa del Norte,0.15180036961506188
2010,Europa del Sur,0.13333009933473564
2010,Melanesia,0.0937809221046216
2010,Micronesia,0.05313894309760889
2010,Polinesia,0.04867011540258972
2010,Sudeste Asiático,0.18949508140898383
2010,África Subsahariana,0.10808073472624004
2010,África del Norte,0.11523899339473047
2010,NA,0.1001703731400202
2011,América Latina y el Caribe,0.11293019395094746
2011,América del Norte,0.07209576249396163
2011,Asia Central,0.2136623576029744
2011,Asia Occidental,0.10047009319197034
2011,Asia del Sur,0.11895627337251458
2011,Australia y Nueva Zelanda,0.09722646701169065
2011,Este de Asia,0.16516271742679628
2011,Europa Occidental,0.1656329696944652
2011,Europa del Este,0.1972909923481469
2011,Europa del Norte,0.1544730427572712
2011,Europa del Sur,0.13585354647850953
2011,Melanesia,0.08898768099502355
2011,Micronesia,0.06336599516882221
2011,Polinesia,0.04890611272248374
2011,Sudeste Asiático,0.1890291745830103
2011,África Subsahariana,0.10761906295727697
2011,África del Norte,0.11037452316013865
2011,NA,0.1042961804325625
2012,América Latina y el Caribe,0.11215552346072612
2012,América del Norte,0.07147941172080839
2012,Asia Central,0.20279178531797742
2012,Asia Occidental,0.10029494947033044
2012,Asia del Sur,0.12367251633859533
2012,Australia y Nueva Zelanda,0.0930708584531143
2012,Este de Asia,0.16443343986797251
2012,Europa Occidental,0.1627489329540002
2012,Europa del Este,0.1921691301046983
2012,Europa del Norte,0.14830660497227857
2012,Europa del Sur,0.1326634635210625
2012,Melanesia,0.0801916777137765
2012,Micronesia,0.08911080390795877
2012,Polinesia,0.048485234488955795
2012,Sudeste Asiático,0.187639523435446
2012,África Subsahariana,0.10695385413566828
2012,África del Norte,0.1060721666712374
2012,NA,0.10495223916768956
2013,América Latina y el Caribe,0.10945152325302401
2013,América del Norte,0.06964174147989742
2013,Asia Central,0.20676816659512498
2013,Asia Occidental,0.0984303671769695
2013,Asia del Sur,0.11852640778533306
2013,Australia y Nueva Zelanda,0.08980997495112705
2013,Este de Asia,0.16481791789433678
2013,Europa Occidental,0.16246682418972724
2013,Europa del Este,0.1836313322570128
2013,Europa del Norte,0.14578268546328074
2013,Europa del Sur,0.13280391225723792
2013,Melanesia,0.076988281850906
2013,Micronesia,0.07207934735062292
2013,Polinesia,0.04782336367604146
2013,Sudeste Asiático,0.18468709616152731
2013,África Subsahariana,0.10635567000978492
2013,África del Norte,0.1054687242935494
2013,NA,0.116970669607044
2014,América Latina y el Caribe,0.10924026065404882
2014,América del Norte,0.06696581020054906
2014,Asia Central,0.19731954341215752
2014,Asia Occidental,0.09739950648643945
2014,Asia del Sur,0.1171140339901715
2014,Australia y Nueva Zelanda,0.0940657049414385
2014,Este de Asia,0.16252103319033473
2014,Europa Occidental,0.16086835982338107
2014,Europa del Este,0.1904147452827023
2014,Europa del Norte,0.1451733858696442
2014,Europa del Sur,0.13218418667190165
2014,Melanesia,0.08293206256248274
2014,Micronesia,0.04988773918897829
2014,Polinesia,0.0464597831977625
2014,Sudeste Asiático,0.18489373520887356
2014,África Subsahariana,0.10574043992265912
2014,África del Norte,0.10697550053373028
2014,NA,0.1153362077152571
2015,América Latina y el Caribe,0.10968530580243703
2015,América del Norte,0.06779911397610625
2015,Asia Central,0.18965143615881158
2015,Asia Occidental,0.1010824196066419
2015,Asia del Sur,0.11274166641427187
2015,Australia y Nueva Zelanda,0.094279130650969
2015,Este de Asia,0.15677148886213638
2015,Europa Occidental,0.16114319702097718
2015,Europa del Este,0.1929969465596508
2015,Europa del Norte,0.16199811730714844
2015,Europa del Sur,0.13561185003854198
2015,Melanesia,0.07231715551614082
2015,Micronesia,0.06529343904592509
2015,Polinesia,0.04645638736016482
2015,Sudeste Asiático,0.18447152957923085
2015,África Subsahariana,0.10779688911390446
2015,África del Norte,0.10524060268084821
2015,NA,0.11091672852051564
2016,América Latina y el Caribe,0.10958015756947685
2016,América del Norte,0.06774751737886076
2016,Asia Central,0.1959798843092988
2016,Asia Occidental,0.10136737756703085
2016,Asia del Sur,0.11136614238728874
2016,Australia y Nueva Zelanda,0.0863083466138258
2016,Este de Asia,0.15446735965093553
2016,Europa Occidental,0.16182791498772048
2016,Europa del Este,0.1912278581489785
2016,Europa del Norte,0.15712995348997924
2016,Europa del Sur,0.1370330757620303
2016,Melanesia,0.07383740435380029
2016,Micronesia,0.061434951898897854
2016,Polinesia,0.04684218923379032
2016,Sudeste Asiático,0.1817974392411111
2016,África Subsahariana,0.1088623166931886
2016,África del Norte,0.10652135934449175
2016,NA,0.1085525478740213
2017,América Latina y el Caribe,0.10960342723550569
2017,América del Norte,0.06069729462889059
2017,Asia Central,0.1904920066678498
2017,Asia Occidental,0.10436938357951353
2017,Asia del Sur,0.11102346664084245
2017,Australia y Nueva Zelanda,0.0866204846299644
2017,Este de Asia,0.15523257946552663
2017,Europa Occidental,0.16345718518036376
2017,Europa del Este,0.18913321777626668
2017,Europa del Norte,0.1564690830617859
2017,Europa del Sur,0.13880641703442936
2017,Melanesia,0.07808769702349674
2017,Micronesia,0.05802485157465365
2017,Polinesia,0.0448395039931289
2017,Sudeste Asiático,0.18647406462848573
2017,África Subsahariana,0.10932503060909184
2017,África del Norte,0.10410675465235775
2017,NA,0.10475827570154903
2018,América Latina y el Caribe,0.10731746901066261
2018,América del Norte,0.06846939857482472
2018,Asia Central,0.1920520534184486
2018,Asia Occidental,0.10445204005004781
2018,Asia del Sur,0.1193417366946461
2018,Australia y Nueva Zelanda,0.0842074333512242
2018,Este de Asia,0.15316363502788316
2018,Europa Occidental,0.159967427939082
2018,Europa del Este,0.1862103850309504
2018,Europa del Norte,0.15493870743694613
2018,Europa del Sur,0.14106141571449682
2018,Melanesia,0.07620690466512506
2018,Micronesia,0.06241006939033714
2018,Polinesia,0.04199832724066594
2018,Sudeste Asiático,0.19038180149475076
2018,África Subsahariana,0.10952454994327325
2018,África del Norte,0.11144494541947467
2018,NA,0.10432902648782896
2019,América Latina y el Caribe,0.10630405030286143
2019,América del Norte,0.06119591050594805
2019,Asia Central,0.1917368879328128
2019,Asia Occidental,0.10211116746363319
2019,Asia del Sur,0.12402147014879383
2019,Australia y Nueva Zelanda,0.08276614291000464
2019,Este de Asia,0.1487753193316776
2019,Europa Occidental,0.16096063178014472
2019,Europa del Este,0.1823754170712477
2019,Europa del Norte,0.1528870945571024
2019,Europa del Sur,0.13774403477697852
2019,Melanesia,0.07674758172029904
2019,Micronesia,0.061517548894729095
2019,Polinesia,0.04132444590395428
2019,Sudeste Asiático,0.1891916218533149
2019,África Subsahariana,0.10982778427714067
2019,África del Norte,0.108559243490911
2019,NA,0.10542431729310534
2020,América Latina y el Caribe,0.10596899229694717
2020,América del Norte,0.058826906274560414
2020,Asia Central,0.19222513893788398
2020,Asia Occidental,0.10977728098458178
2020,Asia del Sur,0.12088058067762547
2020,Australia y Nueva Zelanda,0.08055525316769975
2020,Este de Asia,0.1460427459576394
2020,Europa Occidental,0.15249073149122702
2020,Europa del Este,0.1762945485847806
2020,Europa del Norte,0.15395969430531323
2020,Europa del Sur,0.13784765953973754
2020,Melanesia,0.0752547590639874
2020,Micronesia,0.0590429022521136
2020,Polinesia,0.04056021645476948
2020,Sudeste Asiático,0.19159200135206758
2020,África Subsahariana,0.11006159716702081
2020,África del Norte,0.11305558969270128
2020,NA,0.10958791451884971
2021,América Latina y el Caribe,0.1075519436075007
2021,América del Norte,0.05899618380861602
2021,Asia Central,0.1904696532949816
2021,Asia Occidental,0.1154292386484821
2021,Asia del Sur,0.12838871358925036
2021,Australia y Nueva Zelanda,0.0760736073685194
2021,Este de Asia,0.1505736416146157
2021,Europa Occidental,0.15572837119785754
2021,Europa del Este,0.1747880333146623
2021,Europa del Norte,0.15813623349370132
2021,Europa del Sur,0.14123375225687335
2021,Melanesia,0.0760687386565192
2021,Micronesia,0.05817598221709906
2021,Polinesia,0.04398201484666165
2021,Sudeste Asiático,0.19935298463748632
2021,África Subsahariana,0.1106434665204507
2021,África del Norte,0.11536057148012974
2021,NA,0.1057610091978268
2022,América Latina y el Caribe,0.11001987238725565
2022,América del Norte,0.0597237633185178
2022,Asia Central,0.2003701597982576
2022,Asia Occidental,0.10748875911189727
2022,Asia del Sur,0.13350392799338012
2022,Australia y Nueva Zelanda,0.0771722782293858
2022,Este de Asia,0.1527262154279442
2022,Europa Occidental,0.1526997054086364
2022,Europa del Este,0.1704686651676319
2022,Europa del Norte,0.1587645648455333
2022,Europa del Sur,0.14210631263849932
2022,Melanesia,0.07078646469668112
2022,Micronesia,0.058771068782792604
2022,Polinesia,0.0393909126346322
2022,Sudeste Asiático,0.20220285857577025
2022,África Subsahariana,0.11520087860227411
2022,África del Norte,0.12045364177531885
2022,NA,0.10732900639806643
2023,América Latina y el Caribe,0.10688834607535022
2023,América del Norte,0.0593313912393379
2023,Asia Central,0.17811169364045287
2023,Asia Occidental,0.10800456331750537
2023,Asia del Sur,0.13121091338734503
2023,Australia y Nueva Zelanda,0.0782821152827347
2023,Este de Asia,0.15123577070208338
2023,Europa Occidental,0.1501675395684657
2023,Europa del Este,0.1734599046467299
2023,Europa del Norte,0.15100983041713417
2023,Europa del Sur,0.1382268074558785
2023,Melanesia,0.0716007726602235
2023,Micronesia,0.05856648013437219
2023,Polinesia,0.0366440389765142
2023,Sudeste Asiático,0.19386548034030682
2023,África Subsahariana,0.1138388847821528
2023,África del Norte,0.11525109027916508
2023,NA,0.1069605002850019
